topic_id,rank,word,weight
0,1,learn python,0.19526184184735912
0,2,python,0.19267659359786568
0,3,python programming,0.19259397303105671
0,4,python course,0.1797952558600975
0,5,learning python,0.17579830187392947
0,6,basics python,0.17363924782698129
0,7,course python,0.16432507678611752
0,8,introduction python,0.15646157322701915
0,9,programming python,0.15483329027854265
0,10,python language,0.14395386316993355
1,1,machine learning,0.21366350694845143
1,2,machine,0.2099269963820673
1,3,course machine,0.16650917820857344
1,4,learning algorithms,0.16099759074512676
1,5,introduction machine,0.1595670831719513
1,6,learn machine,0.15321463534458038
1,7,algorithms,0.14969098832949113
1,8,ng,0.13698717189019732
1,9,concepts machine,0.13382962936613282
1,10,andrew ng,0.1331025181630124
2,1,data science,0.3050997658833267
2,2,science,0.2559664976824378
2,3,data scientist,0.2501365080176199
2,4,scientist,0.239393490583857
2,5,introduction data,0.23901244657452228
2,6,data,0.22232362922073234
2,7,science good,0.2145898121454031
2,8,course data,0.19940627150623869
2,9,data scientists,0.19620238556559988
2,10,science course,0.19566332703582787
3,1,video,0.1834615181500103
3,2,videos,0.17621024070080574
3,3,course videos,0.156457527117804
3,4,videos short,0.14429810768156562
3,5,video lectures,0.13041079359408497
3,6,videos great,0.126584780512841
3,7,videos good,0.118750921997451
3,8,videos really,0.1183386939659411
3,9,short videos,0.11684289004158434
3,10,short,0.11525904434313616
4,1,teachers,0.266795982966937
4,2,teacher,0.25204399922532744
4,3,great teacher,0.22193122599527046
4,4,teacher great,0.21886317264568655
4,5,teaching,0.21366890135709166
4,6,way teaching,0.21027921153394558
4,7,great teachers,0.20675376424530517
4,8,excellent teaching,0.20566841910700434
4,9,course teacher,0.20179873575575635
4,10,excellent teacher,0.19270823009924887
5,1,programming,0.19063990642531933
5,2,programming course,0.17644616330072682
5,3,new programming,0.16788848284526453
5,4,learn programming,0.1669407448102241
5,5,programming language,0.1654103043783545
5,6,programming assignments,0.1636156754917306
5,7,course programming,0.15453169646473203
5,8,programming skills,0.1512568097916033
5,9,programmer,0.15033478915736215
5,10,programming background,0.1497673815268623
6,1,excel,0.4133289109282416
6,2,excel course,0.26481523688851677
6,3,excel skills,0.2643041474911705
6,4,using excel,0.23556339669818274
6,5,course excel,0.2196093423291508
6,6,use excel,0.21045258451810944
6,7,knowledge excel,0.20080047492994113
6,8,basic excel,0.19552862697176174
6,9,pivot,0.18881264519585408
6,10,skills excel,0.17241048469555212
7,1,instructors,0.27059972142621397
7,2,instructor,0.25162357989030154
7,3,course instructor,0.2401128312524329
7,4,great instructor,0.23825890287427445
7,5,instructor good,0.21779097533130656
7,6,great instructors,0.21380759136592434
7,7,instructor great,0.21128478263526593
7,8,course instructors,0.20695681749968695
7,9,instructors great,0.1953051535383999
7,10,good instructor,0.1875809443983662
8,1,ai,0.43483803964318646
8,2,ai course,0.25724330329683426
8,3,artificial intelligence,0.2567829646335173
8,4,artificial,0.25542567015051776
8,5,intelligence,0.25095297669376077
8,6,course ai,0.23050245120680335
8,7,learn ai,0.23017295414819572
8,8,ai good,0.22517842676625086
8,9,introduction ai,0.223905872554643
8,10,learning ai,0.2030210757151098
9,1,professors,0.24445850869830058
9,2,professor great,0.23329346958529876
9,3,professor,0.2265009930492575
9,4,great professor,0.22460526050530594
9,5,course professor,0.20991719720085023
9,6,excellent professor,0.19646867817295788
9,7,professor excellent,0.19423941072686204
9,8,professor really,0.18491768888735988
9,9,professor good,0.18483027356210655
9,10,professor professor,0.17904221567879722
10,1,course coursera,0.24115356343362343
10,2,coursera,0.23683166420756213
10,3,coursera best,0.2310124670411728
10,4,courses coursera,0.20904698169236893
10,5,thank coursera,0.1987403271674833
10,6,thanks coursera,0.19764056606246302
10,7,taken coursera,0.19721298117341066
10,8,learning coursera,0.18609120294020295
10,9,coursera thank,0.184266540203729
10,10,coursera course,0.1827424751697482
11,1,quiz,0.27508196506398525
11,2,quizzes,0.2272639038894842
11,3,quiz questions,0.21796602112462618
11,4,answers,0.20853728638965247
11,5,questions,0.19851617543882094
11,6,answer,0.1855685067052172
11,7,quizes,0.17698085233064184
11,8,wrong,0.16029577723604857
11,9,exam,0.1599117414679542
11,10,correct,0.158324447176964
12,1,assignment,0.22270013861112573
12,2,course assignments,0.22044801349979687
12,3,final assignment,0.20334530505266685
12,4,assignments,0.20040546919383082
12,5,assignments really,0.17856489400220008
12,6,challenging assignments,0.17370337851498055
12,7,homework,0.17125459251648245
12,8,good assignments,0.16935256925412073
12,9,assignments good,0.16801200394117094
12,10,assignments challenging,0.16309983886378615
13,1,food,0.42476224580165267
13,2,nutrition,0.3859934139241907
13,3,healthy,0.34813618357711085
13,4,eating,0.3303802558762055
13,5,cooking,0.31546458662701266
13,6,eat,0.30953399517770097
13,7,recipes,0.2989458339214171
13,8,diet,0.29055512039113385
13,9,maya,0.28352663921326016
13,10,food health,0.2645345661817658
14,1,deep learning,0.3621430108285745
14,2,deep,0.3041170114609482
14,3,networks deep,0.23533137043863672
14,4,deep neural,0.23337631377506154
14,5,course deep,0.221576217265917
14,6,neural,0.21447152179454668
14,7,neural networks,0.20756125722596516
14,8,networks,0.20277462737786553
14,9,introduction deep,0.20235837004921348
14,10,neural network,0.19409283536104974
15,1,ml,0.3584308756352962
15,2,ml course,0.22245130169077612
15,3,ml algorithms,0.20239172368776293
15,4,course ml,0.19726344161445192
15,5,ml projects,0.18782044130928058
15,6,introduction ml,0.18129921232298948
15,7,ml project,0.17990766368521316
15,8,ml concepts,0.1710637825132096
15,9,learn ml,0.16716989009381633
15,10,learning ml,0.16212221649763983
16,1,course beginners,0.36433355471906187
16,2,course beginner,0.3200124081282074
16,3,beginners,0.2971147150759922
16,4,beginners good,0.2847889872211305
16,5,beginners course,0.27767859096675546
16,6,beginner,0.26950527240886585
16,7,beginners great,0.26625543610218255
16,8,beginner course,0.2529032996388848
16,9,beginners excellent,0.22418442472702715
16,10,beginner good,0.22289724014815793
17,1,labs,0.4647735584672372
17,2,lab,0.4105947388114824
17,3,course labs,0.2511977536693781
17,4,labs great,0.24794765670631622
17,5,labs good,0.2330018090703894
17,6,hands labs,0.21855463463570765
17,7,good labs,0.2171579005287444
17,8,lab sessions,0.21204666043830603
17,9,labs really,0.207316365469841
17,10,labs course,0.1984080798202953
18,1,english,0.34318712255141925
18,2,pronunciation,0.2932385521026095
18,3,speaking,0.2608313376259893
18,4,improve english,0.24565322668554698
18,5,public speaking,0.23536951082251012
18,6,english language,0.21098950270941474
18,7,teaching english,0.20957341655211217
18,8,speak english,0.20784492018994283
18,9,language,0.20736263292381077
18,10,english skills,0.20077056130763002
19,1,lectures,0.27656756586936715
19,2,course lectures,0.2273884174157019
19,3,lecture,0.22300218754877785
19,4,lectures good,0.2169017953039665
19,5,lectures great,0.21106167587167735
19,6,great lectures,0.20590633697148095
19,7,good lectures,0.20296377260225326
19,8,lectures lectures,0.20188074137448508
19,9,lectures clear,0.19086590082646482
19,10,lectures really,0.1843421752288126
20,1,korean,0.5573764322080117
20,2,yonsei,0.3077142661019866
20,3,kang,0.2952429362272825
20,4,yonsei university,0.2876401630071896
20,5,seung,0.2626680533962673
20,6,hae,0.2591092458738361
20,7,seung hae,0.2547814841530226
20,8,korea,0.24983871758048118
20,9,hae kang,0.24826310877180455
20,10,language,0.2184403911093355
21,1,finance,0.41830811402685075
21,2,financial,0.3777525050281817
21,3,markets,0.3647000500759826
21,4,corporate finance,0.3175253503675641
21,5,corporate,0.28795939819825217
21,6,financial market,0.25063655750324504
21,7,finance course,0.22529266001887105
21,8,market,0.21331131066642092
21,9,course finance,0.20051897983256853
21,10,understanding financial,0.19994523272675271
22,1,chuck,0.4582089785285942
22,2,dr chuck,0.44931788347174256
22,3,drchuck,0.34935570607920247
22,4,chuck great,0.3091800577022319
22,5,dr,0.28912201689153977
22,6,course dr,0.27754948514408173
22,7,chuck awesome,0.2659780328687245
22,8,chucks,0.2557805450756087
22,9,chuck best,0.2456254713946802
22,10,chuck amazing,0.23879778774839608
23,1,online,0.3336962656256975
23,2,online course,0.3261014788469287
23,3,best online,0.29410488243799704
23,4,online teaching,0.27984606663380646
23,5,online courses,0.27254354844715173
23,6,online learning,0.24047985193739987
23,7,course online,0.1989663961603635
23,8,teaching online,0.19830888961912263
23,9,teach online,0.18727046851459003
23,10,experience online,0.18507557874483235
24,1,certificate,0.5014534786775962
24,2,certification,0.2758559918044574
24,3,course certificate,0.2743076240031098
24,4,certificate course,0.2606207320956757
24,5,certificates,0.23261932572485036
24,6,receive certificate,0.23234020859474544
24,7,pay,0.23152687331528352
24,8,free,0.22090311088446285
24,9,certificate free,0.2160490920659712
24,10,free certificate,0.21343417096647432
25,1,happiness,0.4395986468364267
25,2,wellbeing,0.3586725511415357
25,3,happier,0.29152669606481524
25,4,science wellbeing,0.25973604229563074
25,5,increase happiness,0.2127414119203549
25,6,make happy,0.21025514185958247
25,7,habits,0.20731853210057874
25,8,makes happy,0.19541357487790245
25,9,happier life,0.19321853161454355
25,10,rewirement,0.19286632318555447
26,1,rstudio,0.28863418420326015
26,2,github,0.24884294856396094
26,3,swirl,0.19866698070375563
26,4,git,0.15363418481292043
26,5,peng,0.150416413884036
26,6,swirl exercises,0.14902774219001091
26,7,introduction programming,0.1457832938683518
26,8,studio,0.14555305688940137
26,9,programming course,0.13637170901981696
26,10,markdown,0.13100604278089664
27,1,exercises,0.3412745919871247
27,2,exercise,0.28180650649624084
27,3,exercises great,0.26021876790212867
27,4,practical exercises,0.25686387287926876
27,5,exercises good,0.24793253759246253
27,6,course exercises,0.247411364995411
27,7,good exercises,0.24652135896898947
27,8,practice exercises,0.2363915253113759
27,9,excercises,0.2297055257954675
27,10,exercises really,0.2198374625183097
28,1,ng,0.30482037435082443
28,2,andrew ng,0.29958370257425837
28,3,andrew,0.22870427008888705
28,4,prof ng,0.21961550873789493
28,5,ng great,0.2193068402187481
28,6,professor ng,0.2172211487975993
28,7,course andrew,0.20189561204829728
28,8,prof andrew,0.1946299931535556
28,9,ngs,0.19328793815633305
28,10,dr ng,0.1894200350715103
29,1,neural,0.39742299495879985
29,2,neural networks,0.375171877286439
29,3,networks,0.35841134447785894
29,4,neural network,0.3547903790831194
29,5,network,0.3191813982074097
29,6,introduction neural,0.25448767514384435
29,7,understanding neural,0.2391695656226174
29,8,neural nets,0.2253431496576048
29,9,course neural,0.22162211267425894
29,10,nets,0.21798805670034144
30,1,writing,0.4102511561555834
30,2,writing skills,0.3439037165746845
30,3,essay,0.3206776557672902
30,4,plot,0.2989150498870335
30,5,improve writing,0.29881313322931985
30,6,creative writing,0.27638591841918964
30,7,writer,0.271843093500844
30,8,essay writing,0.26511369338174795
30,9,writing course,0.259337961754012
30,10,essays,0.2387000091584987
31,1,gcp,0.6955318869557522
31,2,services,0.29478042776673274
31,3,gcp course,0.28777065601489377
31,4,infrastructure,0.24455131636591879
31,5,cloud,0.22705891838444098
31,6,offerings,0.2217186344053347
31,7,products,0.21191981627055267
31,8,core infrastructure,0.20551696624336738
31,9,labs,0.20508729514040433
31,10,core services,0.19183166599268783
32,1,support,0.3376917669496126
32,2,support specialist,0.3136732467761668
32,3,specialist,0.3030630105069168
32,4,support great,0.21186967647512642
32,5,introduction support,0.2092677332387579
32,6,course support,0.20824377117404183
32,7,fundamentals support,0.19679235854836416
32,8,support role,0.19084358094579837
32,9,technical support,0.1878411295271928
32,10,career support,0.18509886657463615
33,1,mooc,0.49734495611206725
33,2,moocs,0.3729341681434963
33,3,best mooc,0.29686339962245656
33,4,great mooc,0.2328610633207783
33,5,mooc course,0.2210891880123656
33,6,mooc ive,0.19805488886817893
33,7,mooc taken,0.19010352191958121
33,8,mooc really,0.18558586232983987
33,9,moocs ive,0.17800213303257914
33,10,mooc courses,0.17373124596395154
34,1,tensorflow,0.5493325011303595
34,2,keras,0.3391983211858981
34,3,tensor,0.31124703104220597
34,4,introduction tensorflow,0.30593534335633044
34,5,tensor flow,0.2981492439373403
34,6,using tensorflow,0.2435210641486901
34,7,learn tensorflow,0.24208914979785714
34,8,tensorflow keras,0.2417619499828201
34,9,tensorflow course,0.23942077563522463
34,10,use tensorflow,0.23236325967545612
35,1,explanation,0.2502036133449775
35,2,good examples,0.23280432433978698
35,3,concepts explained,0.23000521150408168
35,4,explanations,0.2262531774309826
35,5,good explanation,0.21899538567139437
35,6,examples,0.21530001166929538
35,7,nice explanation,0.21509302358378657
35,8,examples easy,0.21235412822909305
35,9,topics explained,0.2083766180009244
35,10,examples explained,0.20593708938465005
36,1,psychology,0.4702368540117741
36,2,psychology course,0.289298460794675
36,3,bloom,0.2843191946157355
36,4,course psychology,0.2453131775244536
36,5,field psychology,0.234738001780684
36,6,interested psychology,0.23453163274288574
36,7,professor bloom,0.2308849108034516
36,8,psychology great,0.20101761519493302
36,9,knowledge psychology,0.2009930106062609
36,10,study psychology,0.19792273643970343
37,1,good thank,0.34549348747809194
37,2,great thank,0.3073137688631632
37,3,amazing thank,0.2930063924210485
37,4,excellent thank,0.27620018938698676
37,5,loved thank,0.2723346610840798
37,6,good thanks,0.2686543397134883
37,7,thank thank,0.2585887127320437
37,8,good like,0.25061956811066016
37,9,awesome thank,0.2498726210376722
37,10,love thank,0.2493740722464951
38,1,math,0.29939862675600654
38,2,mathematics,0.2897536141987497
38,3,mathematical,0.27937600571421073
38,4,maths,0.2569286286014456
38,5,devlin,0.22172444752740472
38,6,proofs,0.21996549427026457
38,7,formulas,0.20884829191564114
38,8,equations,0.20355957498648156
38,9,keith,0.1969651595119011
38,10,calculations,0.18540424375301623
39,1,specialization,0.42049995383851935
39,2,course specialization,0.34802907639472414
39,3,courses specialization,0.34800084963392897
39,4,specialization great,0.29839643209700045
39,5,specialization course,0.2690325894719208
39,6,specialisation,0.2610708238740787
39,7,specialization good,0.24399803488516772
39,8,complete specialization,0.2359272758563927
39,9,rest specialization,0.23473463386890947
39,10,introduction specialization,0.22880346436397234
40,1,thank learned,0.38233594985056246
40,2,lot learned,0.37612494099673427
40,3,lot thank,0.374145566051505
40,4,things thank,0.28359207252677776
40,5,things learned,0.2784408568719777
40,6,learned learned,0.276577383666418
40,7,thank learnt,0.2764902338849089
40,8,thanks learned,0.2659508060836
40,9,learned lot,0.2624515576563352
40,10,new things,0.25997113055374194
41,1,project management,0.589089470503871
41,2,project,0.41533571297784083
41,3,management,0.3889639576711227
41,4,project planning,0.3722406949145214
41,5,planning,0.33547626235713
41,6,project manager,0.32962190440416905
41,7,planning management,0.3043264674051906
41,8,initiating,0.2787516843653775
41,9,management great,0.2721703736751143
41,10,project managers,0.26044271992488105
42,1,coding,0.39263483690171497
42,2,code,0.2732863121459007
42,3,codes,0.24245118485470446
42,4,coding course,0.20870003008388033
42,5,coding experience,0.1985699623252679
42,6,learn coding,0.19639490129935963
42,7,coding great,0.19131434696095964
42,8,knowledge coding,0.1883350990022545
42,9,coding exercises,0.1846663139660924
42,10,write code,0.18194687937797094
43,1,marketing,0.46400184708812103
43,2,marketing course,0.27330425039608197
43,3,marketing concepts,0.23831179099418529
43,4,knowledge marketing,0.2134661780499781
43,5,course marketing,0.20868388659845602
43,6,new marketing,0.20154368871324607
43,7,learn marketing,0.20016690580656535
43,8,basics marketing,0.19916258808595014
43,9,marketing great,0.1990573935772989
43,10,marketing good,0.1896018564017651
44,1,networking,0.6001676174667675
44,2,computer networking,0.40083267262202066
44,3,networking course,0.29884876434050056
44,4,ip,0.27392126235494113
44,5,ipv6,0.2649819289948026
44,6,bytes,0.26237120592742336
44,7,bits bytes,0.2527986345824317
44,8,network,0.24404652780225772
44,9,computer,0.22894908290567528
44,10,subnetting,0.22517333677473048
45,1,peer,0.3668892926761934
45,2,grading,0.34363343976617633
45,3,peer review,0.32685890681959123
45,4,grade,0.2827085092057384
45,5,peers,0.2546276655808559
45,6,reviews,0.2468763346243385
45,7,graded,0.24601865267252387
45,8,review,0.23997260907216317
45,9,grader,0.23753238547375413
45,10,peer reviews,0.2371054174253624
46,1,great class,0.4101111329954264
46,2,enjoyed class,0.35580991273999624
46,3,class,0.3484618582631116
46,4,class learned,0.3240019878186114
46,5,good class,0.30938299947906717
46,6,loved class,0.2854479635343785
46,7,excellent class,0.2806976997034788
46,8,class great,0.26897983494743666
46,9,class really,0.2681378309153167
46,10,interesting class,0.26573391810270036
47,1,statistics,0.434356041245421
47,2,probability,0.4152180664303432
47,3,statistical,0.32744459813534366
47,4,statistics course,0.2637263014701738
47,5,probability statistics,0.25375504071964783
47,6,basic statistics,0.23004012871585977
47,7,knowledge statistics,0.20782978473237468
47,8,statistic,0.2011795917334205
47,9,introduction statistics,0.19976000755937282
47,10,stats,0.1991090832021997
48,1,art,0.5116982895516596
48,2,artists,0.4249679708935201
48,3,modern art,0.4062101430945276
48,4,moma,0.35452050943169305
48,5,arts,0.32623744620992845
48,6,painting,0.30129380662290695
48,7,modern,0.29920447273307044
48,8,artist,0.2896474064153524
48,9,contemporary,0.27752993040355034
48,10,corey,0.27511782074936836
49,1,enjoyed course,0.17456448412533201
49,2,course learned,0.1601175407128901
49,3,loved course,0.15499389606649733
49,4,course learnt,0.15466200424990045
49,5,really enjoyed,0.13237880684581008
49,6,lot loved,0.13012806679679548
49,7,things course,0.1295515196298825
49,8,learnt lot,0.12791503546968908
49,9,lot course,0.12709889914844155
49,10,learn enjoyed,0.12624150583017812
50,1,chinese,0.71351533976871
50,2,mandarin,0.3751764025920918
50,3,china,0.335453234584806
50,4,liu,0.32749624971530666
50,5,characters,0.31488870571598765
50,6,xie,0.30034350808671534
50,7,laoshi,0.26195505229645294
50,8,xiexie,0.23660059238996664
50,9,xie xie,0.2289132502241081
50,10,peking,0.21884177965297283
51,1,covid19,0.518706158531151
51,2,pandemic,0.4824529289400273
51,3,covid,0.42818506688211483
51,4,covid 19,0.37480398384793034
51,5,19,0.3664102958600897
51,6,quarantine,0.34729527798202503
51,7,covid19 pandemic,0.29749429515094367
51,8,pandemics,0.29246845913099817
51,9,virus,0.2869316136789023
51,10,epidemics,0.26348848559033367
52,1,course loved,0.3110151301235874
52,2,enjoying course,0.2848694446468258
52,3,course enjoyed,0.2553520281742274
52,4,enjoying,0.24224297144241191
52,5,loved course,0.23645311144995404
52,6,fun course,0.2142362142917035
52,7,experience course,0.2056503086244346
52,8,love course,0.20365828299774233
52,9,course amazing,0.20347702401884862
52,10,loved,0.1994412619295963
53,1,medical,0.40733863422175626
53,2,clinical,0.3742355432738409
53,3,public health,0.3399084824142341
53,4,health,0.330075300283515
53,5,clinical research,0.325490469985027
53,6,healthcare,0.29444944229780423
53,7,global health,0.2812889179188233
53,8,public,0.27910757804032854
53,9,health care,0.22960423213792105
53,10,medical research,0.2260696182398142
54,1,punctuation,0.6041723690756551
54,2,grammar,0.5982620414470807
54,3,grammar punctuation,0.5009259364336424
54,4,tenses,0.412509380670811
54,5,english grammar,0.3985963044431871
54,6,sentences,0.3209516504103443
54,7,sentence,0.2985765448737792
54,8,rules,0.2790210700889194
54,9,grammar course,0.27018148464456915
54,10,grammar rules,0.26087782192315506
55,1,music,0.6013563068363901
55,2,guitar,0.39287991449478626
55,3,classical,0.38776184865910734
55,4,music theory,0.326571640585091
55,5,wright,0.3211756448952222
55,6,yoga,0.31137745159927993
55,7,berklee,0.2778926203608481
55,8,production,0.2589978132769291
55,9,professor wright,0.24582394121905854
55,10,musician,0.24003407837077445
56,1,good beginners,0.3926952706242282
56,2,beginner good,0.3808894063439967
56,3,good beginner,0.3748363338304943
56,4,beginners good,0.3542436815518254
56,5,beginners easy,0.3410138580241799
56,6,beginners,0.34079285252833597
56,7,beginner,0.3404615285552468
56,8,useful beginners,0.32096038928773807
56,9,great beginners,0.3112006600269234
56,10,beginner easy,0.2900828976187697
57,1,matlab,0.6018468750874156
57,2,matlab programming,0.32868679725965577
57,3,programming matlab,0.32268471005820687
57,4,matlab course,0.3129990233778523
57,5,course matlab,0.2965778982387762
57,6,fitzpatrick,0.2545996983809801
57,7,mike,0.24613610545050774
57,8,knowledge matlab,0.23772492284639365
57,9,using matlab,0.23265061056612862
57,10,mike fitzpatrick,0.21042824862820197
58,1,good content,0.3724122240552466
58,2,great content,0.35400786876379936
58,3,excellent content,0.33918861243194304
58,4,organized,0.3022306859972139
58,5,content explained,0.28525277838792346
58,6,content easy,0.26609530901184103
58,7,content,0.2566571891066688
58,8,content clear,0.25067366277949854
58,9,content good,0.24948638827774375
58,10,content really,0.22451075060369668
59,1,informative informative,0.3302911709013382
59,2,information informative,0.3286293069068929
59,3,informative,0.28669937464074124
59,4,good information,0.26860125782826166
59,5,informative explained,0.2679985670337386
59,6,recommend informative,0.2637166032585489
59,7,informative easy,0.2618448325371065
59,8,great information,0.2611786367548165
59,9,understand informative,0.25893769942385725
59,10,informative interesting,0.25749119542564597
60,1,law,0.6282803775278464
60,2,american law,0.4488864311772573
60,3,american,0.4095485870654837
60,4,legal,0.4014964037298496
60,5,criminal,0.35065833276083874
60,6,international,0.3434890058146538
60,7,eu,0.29721872316462417
60,8,law course,0.2930488471605965
60,9,courts,0.27054685531865635
60,10,law student,0.2645546008176266
61,1,improve learning,0.1802004376193642
61,2,techniques,0.16513593099989257
61,3,learning process,0.1551784555528037
61,4,better learner,0.15298230668737225
61,5,effectively,0.1494413236351695
61,6,learn effectively,0.14376147598448188
61,7,learner,0.1394884396109903
61,8,studying,0.13606842765712931
61,9,learn better,0.13390777606341342
61,10,age,0.1317763971353795
62,1,computers,0.42063776799864183
62,2,computer,0.4070337365912692
62,3,hardware,0.3305418584927026
62,4,computer science,0.30872025606350656
62,5,computer works,0.26950486150869407
62,6,computer architecture,0.2572236707109921
62,7,computers work,0.25286954403142753
62,8,cpu,0.2283559510930977
62,9,computer hardware,0.2170255199667767
62,10,hardware software,0.21545234381072587
63,1,lot great,0.42638215307032784
63,2,course learned,0.4214630653267319
63,3,course learnt,0.3631271843626502
63,4,lot excellent,0.3522245976512972
63,5,lot awesome,0.3354497298843847
63,6,lot good,0.30210266166848027
63,7,lot amazing,0.2795372658617965
63,8,learned lot,0.2695251288701841
63,9,learnt lot,0.2523704044995664
63,10,lot nice,0.25092923966082853
64,1,indigenous,0.5946229822976087
64,2,canada,0.49306526457706823
64,3,canadian,0.4118191679830951
64,4,stem,0.3710905551755664
64,5,peoples,0.35240365962025394
64,6,history,0.3229138168531069
64,7,cells,0.31073072101069754
64,8,culture,0.2781868518270487
64,9,nations,0.2665167740904259
64,10,cell,0.2392865652489656
65,1,algorithms,0.37558414829095804
65,2,algorithm,0.3412418115029337
65,3,algorithmic,0.29000781123235425
65,4,algorithms course,0.2375920977623964
65,5,course algorithms,0.18919477078423758
65,6,greedy,0.1829983813067329
65,7,algorithms great,0.1816939883912552
65,8,dynamic programming,0.17997155348073343
65,9,algorithms good,0.17564923545348507
65,10,learn algorithms,0.1738422370831206
66,1,challenging course,0.43545700672985616
66,2,course challenging,0.4040629196672159
66,3,challenging,0.3345333019491036
66,4,challenging rewarding,0.23416458500880832
66,5,course difficult,0.2198531383360528
66,6,challenge,0.21637319197053492
66,7,rewarding course,0.21637210384854624
66,8,rewarding,0.21399032769699455
66,9,interesting challenging,0.2125080097042937
66,10,challenging interesting,0.2077936278167746
67,1,learning experience,0.3740270221282594
67,2,experience learned,0.33793173834890444
67,3,great learning,0.3345290354582631
67,4,experience great,0.31483512585022394
67,5,experience learning,0.30798879802054746
67,6,experience learnt,0.3053544628667722
67,7,great experience,0.30518793905593034
67,8,experience learn,0.30407294730232776
67,9,good experience,0.2944840971093667
67,10,experience good,0.24753123535652352
68,1,linux,0.5852820005360019
68,2,windows,0.4543992191692588
68,3,operating,0.3814690775863309
68,4,powershell,0.3559245726101523
68,5,os,0.3558512786091074
68,6,windows linux,0.34164371341898575
68,7,commands,0.3416376801462285
68,8,command,0.32568744247928033
68,9,operating systems,0.3246328043256314
68,10,vm,0.3223931460944165
69,1,sql,0.6528283325601668
69,2,course sql,0.3005444352551737
69,3,knowledge sql,0.29520624275315915
69,4,queries,0.29362680718215994
69,5,learning sql,0.28788422642568484
69,6,sql queries,0.2235699595121595
69,7,query,0.2186593463824671
69,8,database,0.2011927343208168
69,9,sadie,0.19619194899282333
69,10,joins,0.17432112121690202
70,1,photography,0.6627529123587385
70,2,photographers,0.37675603696495535
70,3,photographs,0.3625748305381586
70,4,camera,0.3489001205471896
70,5,photographer,0.3288536088512481
70,6,photograph,0.27563054271598514
70,7,pv,0.26580825761737836
70,8,cars,0.25955968979364674
70,9,cameras,0.24261264500244406
70,10,moma,0.23637908691741835
71,1,module,0.5030201842071853
71,2,modules,0.4565029209516959
71,3,course modules,0.2686147986127174
71,4,great module,0.2339434933672617
71,5,course module,0.23362549635534227
71,6,module course,0.22770984541522496
71,7,module great,0.22618164039045782
71,8,learning module,0.2201539137385947
71,9,enjoyed module,0.2201539137385947
71,10,lot module,0.21358925051228284
72,1,helpful useful,0.5045080193956697
72,2,helpful thank,0.5007896478402927
72,3,useful useful,0.42582714348894435
72,4,thank helpful,0.41121697521576894
72,5,useful thank,0.40717045334268487
72,6,helpful helpful,0.39817118613355507
72,7,good helpful,0.385343616141206
72,8,helpful thanks,0.38179994676718376
72,9,helpful really,0.35916917187060676
72,10,useful helpful,0.33646746936746313
73,1,negotiation,0.6525710293807259
73,2,negotiations,0.47452411220216917
73,3,negotiation skills,0.3512959764562816
73,4,negotiating,0.3402606574663403
73,5,negotiate,0.3317119135215947
73,6,siedel,0.31112109623103684
73,7,negotiator,0.31090123490587457
73,8,george siedel,0.26224975272856754
73,9,george,0.23727937723287376
73,10,nalebuff,0.22953141690170636
74,1,aws,0.8182449405222131
74,2,amazon,0.42133076457908936
74,3,services,0.3832387278956959
74,4,sagemaker,0.2562836867117507
74,5,web services,0.2439229253341506
74,6,cloud,0.20279168512897813
74,7,cloud computing,0.19317446189686177
74,8,services provided,0.17949622606040136
74,9,services available,0.16648574758533935
74,10,morgan,0.16592574304847188
75,1,andrew,0.2858496116976578
75,2,andrew great,0.2802489329536101
75,3,andrew sir,0.2698992465254114
75,4,thank andrew,0.2654515015893167
75,5,andrews,0.2587712133665136
75,6,course andrew,0.25630826487931835
75,7,andrew best,0.24904273962862075
75,8,thanks andrew,0.2303736052391413
75,9,andrew amazing,0.22642103215557366
75,10,andrew really,0.2261693294885938
76,1,course explained,0.346044348451239
76,2,understand great,0.23214063121187908
76,3,course easy,0.21687907209911844
76,4,explained excellent,0.19460677303937016
76,5,explained great,0.19225967811556938
76,6,explanation good,0.1879259812506887
76,7,explained,0.18542247124787017
76,8,explained good,0.18182466620755353
76,9,course clearly,0.18166992276842203
76,10,explained course,0.17808234325961267
77,1,design thinking,0.6170606492259684
77,2,design,0.4324170714612926
77,3,thinking,0.36608357344904513
77,4,introduction design,0.29256613693532574
77,5,innovation,0.2483573836311176
77,6,learn design,0.23603035934545466
77,7,thinking tools,0.23095332460435072
77,8,designer,0.21438953649186868
77,9,course design,0.21263517859888623
77,10,use design,0.2051901987194436
78,1,google cloud,0.6888867110573421
78,2,cloud,0.5708901597556768
78,3,cloud platform,0.5677748044344381
78,4,google,0.4729851422215074
78,5,platform,0.34243734516530516
78,6,introduction google,0.3228827343101252
78,7,services,0.28135785462308543
78,8,learn google,0.25773028736879167
78,9,cloud services,0.24979821746720668
78,10,understanding google,0.24768906016577155
79,1,nlp,0.5742872944950642
79,2,sequence models,0.47233104667794923
79,3,sequence,0.4579860498585394
79,4,rnn,0.40486249897192633
79,5,lstm,0.3629900871646354
79,6,rnns,0.36297490625653567
79,7,models,0.31890151738570743
79,8,language processing,0.3099117206055261
79,9,natural language,0.3049360936475821
79,10,gru,0.290019629558218
80,1,lecturer,0.539767301080651
80,2,lecturers,0.45044474335725937
80,3,course lecturer,0.33501643292516675
80,4,great lecturer,0.31868837788756005
80,5,lecturer great,0.3109547675505684
80,6,good lecturer,0.29113512066882774
80,7,lecturer good,0.28220336926475964
80,8,great lecturers,0.28083421116704155
80,9,excellent lecturer,0.25399293387550276
80,10,lecturers great,0.2503054922540582
81,1,graphic,0.7087517548419516
81,2,graphic design,0.6993022097772893
81,3,design,0.4280853400955042
81,4,graphic designer,0.2845030617408187
81,5,design really,0.2707030168182676
81,6,graphic designing,0.2701445537218962
81,7,designer,0.2613844936882681
81,8,design great,0.2507973018074719
81,9,graphics,0.2368573860110915
81,10,design course,0.23523571748974417
82,1,seo,0.8030510927024761
82,2,search engine,0.34567031471298953
82,3,search,0.32526671509313265
82,4,search engines,0.3200003589567765
82,5,engines,0.30783159284261485
82,6,engine,0.28049352171359704
82,7,rebekah,0.24955666842869992
82,8,ranking,0.2125835992639455
82,9,history,0.19881354706551335
82,10,optimization,0.19524214775545493
83,1,week,0.3981542586506474
83,2,week week,0.3668240545012125
83,3,weeks,0.29673080495647636
83,4,content week,0.2639538828475261
83,5,week bit,0.2628778652655394
83,6,good week,0.2626524400702721
83,7,understand week,0.22846054832033735
83,8,great week,0.2252561215160341
83,9,week little,0.22277986836652616
83,10,week really,0.21718511312753863
84,1,fashion,0.6439213034130586
84,2,luxury,0.5030875902258989
84,3,gamification,0.47879610586936594
84,4,fashion luxury,0.4273629898062061
84,5,clothes,0.24479152060557277
84,6,industry,0.23278222592326223
84,7,werbach,0.2270830642297144
84,8,brands,0.21408840178282182
84,9,retail,0.19629046055668864
84,10,understand fashion,0.19235253176744874
85,1,linear algebra,0.5401478590026684
85,2,algebra,0.5135333687550716
85,3,linear,0.5110544438392066
85,4,vectors,0.2726376601635591
85,5,matrix,0.27249203010268525
85,6,course linear,0.2604505419212573
85,7,eigen,0.24779205979914767
85,8,algebra course,0.2467020634907511
85,9,matrices,0.24463229029474548
85,10,knowledge linear,0.2431977287629413
86,1,digital marketing,0.6202741151578438
86,2,digital,0.5782121747657126
86,3,marketing,0.46722785263005845
86,4,digital world,0.4255444625956546
86,5,marketing digital,0.4246579772880609
86,6,4ps,0.309834767097795
86,7,digital tools,0.30595085479537143
86,8,aric,0.2626748436566076
86,9,knowledge digital,0.2617770690916478
86,10,marketing course,0.2568107138882251
87,1,accounting,0.664912726108019
87,2,financial accounting,0.47235419913776866
87,3,accounting course,0.37249199523295273
87,4,bushee,0.36686549354952874
87,5,financial,0.29052905792322153
87,6,financial statements,0.28523114443336584
87,7,brian,0.282313819112255
87,8,brian bushee,0.27125239371449544
87,9,professor bushee,0.25781009997721416
87,10,virtual students,0.251832833477674
88,1,science python,0.3570600078497274
88,2,python data,0.3384968435989888
88,3,analysis python,0.3111797107482525
88,4,data analysis,0.28969455640560127
88,5,data science,0.23693527927268487
88,6,using python,0.23249824368949132
88,7,analysis,0.22975197455464091
88,8,analysis using,0.21681790173547022
88,9,science using,0.20789241214126522
88,10,science ai,0.20729549567867658
89,1,web development,0.6140526703361079
89,2,web,0.5318153464086636
89,3,development,0.38828024194143396
89,4,learn web,0.34028616036786896
89,5,web developer,0.3056535067017004
89,6,course web,0.28839083127108917
89,7,basics web,0.28661965524089333
89,8,development course,0.26661759686748226
89,9,web programming,0.25184079382127783
89,10,learning web,0.24906140282086872
90,1,technical support,0.5269018423605605
90,2,support fundamentals,0.38199442496727776
90,3,tech,0.36992041723813285
90,4,technology,0.3677315397151289
90,5,technical,0.36702514773041034
90,6,tech support,0.34589065694045684
90,7,support,0.3293436439257506
90,8,course technical,0.24272254235682775
90,9,fundamentals technical,0.24143098265439192
90,10,technologies,0.23261739253867558
91,1,branding,0.6558816239692731
91,2,personal branding,0.6007185490245026
91,3,brand,0.5507495562805089
91,4,brand management,0.4167296890899398
91,5,personal,0.3959333001974202
91,6,personal brand,0.3513368697304739
91,7,kimberley,0.284774020274691
91,8,brands,0.268329699482263
91,9,nader,0.26073286523026357
91,10,barker,0.24383901216754078
92,1,pandas,0.6071922706237245
92,2,python pandas,0.3276299614473345
92,3,pandas numpy,0.32597062063951654
92,4,numpy,0.31211563234331635
92,5,numpy pandas,0.25325438827036545
92,6,using pandas,0.24356938584229756
92,7,library,0.23993733008008278
92,8,pandas documentation,0.2330288168568528
92,9,use pandas,0.23268606257665986
92,10,dataframes,0.2078493286252666
93,1,email,0.6848136411194846
93,2,emails,0.6615144430496467
93,3,professional emails,0.5325825408698711
93,4,write professional,0.5248518043255774
93,5,email writing,0.4919081607687433
93,6,writing professional,0.41736898888577834
93,7,emails english,0.39255786751586
93,8,write,0.3758719862209865
93,9,professional,0.35019045826830825
93,10,writing,0.3239080193303991
94,1,javascript,0.6072809549935247
94,2,html css,0.5320340503307351
94,3,css,0.5116720001414838
94,4,html,0.48273135994085503
94,5,css javascript,0.44734361233510966
94,6,js,0.4217591143638403
94,7,css js,0.33183383897696767
94,8,ajax,0.30634631795023387
94,9,java script,0.2563007099185966
94,10,learn html,0.22012098239116398
95,1,java,0.6436671730019202
95,2,java programming,0.3865706529753234
95,3,oop,0.36953997446805503
95,4,object oriented,0.343333018423794
95,5,android,0.3112692837917465
95,6,learn java,0.3019565022660681
95,7,object,0.30120665632200827
95,8,course java,0.28684568916896486
95,9,oriented programming,0.2857476075034355
95,10,bluej,0.28331316530316775
96,1,introduction subject,0.4402665698073126
96,2,introduction good,0.42426849421547497
96,3,introduction easy,0.38506284655116374
96,4,good introduction,0.3763873917053816
96,5,introduction topic,0.3535335133480959
96,6,introduction great,0.33013701891525227
96,7,introduction,0.3277971718525808
96,8,great introduction,0.3099073716743295
96,9,nice introduction,0.2979428494545176
96,10,excellent introduction,0.270177239537552
97,1,git,0.788927676648259
97,2,github,0.5757457381663492
97,3,git github,0.5332980115436934
97,4,version control,0.4222790783894598
97,5,using git,0.31397127036249484
97,6,use git,0.3084649065178308
97,7,control,0.2974053888719866
97,8,git commands,0.2842381381523676
97,9,git hub,0.2798936308781579
97,10,hub,0.27330527142944805
98,1,case,0.5088686376485995
98,2,case study,0.5030945248097233
98,3,case studies,0.4882589001089828
98,4,studies,0.37538074615541855
98,5,cases,0.3326926719005213
98,6,course case,0.2953012826428642
98,7,study approach,0.28637964272478084
98,8,use cases,0.2594949567931668
98,9,study,0.24701093410508929
98,10,loved case,0.22836125165344096
99,1,positive psychology,0.6805609366844344
99,2,positive,0.5434578844865379
99,3,psychology,0.45053970233732216
99,4,seligman,0.33625415507527295
99,5,introduction positive,0.31190974269004035
99,6,fredrickson,0.266820669801221
99,7,course positive,0.260094506024748
99,8,dr seligman,0.25294883563439574
99,9,martin,0.2441203745531133
99,10,learn positive,0.24136205401061295
100,1,brain,0.4979456640333413
100,2,brain works,0.4236465316959118
100,3,brains,0.26451595166697983
100,4,understand brain,0.264495379200843
100,5,human brain,0.2402274161151678
100,6,understanding brain,0.23857036789452998
100,7,works,0.23412560302535831
100,8,learn brain,0.23217105393910156
100,9,know brain,0.2226906518563762
100,10,lot brain,0.2199346978195601
101,1,course thank,0.4709674576993489
101,2,thank thank,0.34078753086646624
101,3,thank really,0.3192804061852681
101,4,course thanks,0.30623635907765756
101,5,thank love,0.2987767168568893
101,6,thank thanks,0.2905620454237347
101,7,thank loved,0.2853340972671338
101,8,great thank,0.2700007008185953
101,9,amazing thank,0.25706455250133714
101,10,thank course,0.2554736122750558
102,1,data structures,0.6334248107782943
102,2,structures,0.5872493835063239
102,3,python data,0.5568985575456951
102,4,data structure,0.44170247639006854
102,5,tuples,0.26965928853090626
102,6,structure python,0.26815817446951196
102,7,structures great,0.24832837431709737
102,8,basic data,0.2350646325622404
102,9,structures course,0.23076775875633893
102,10,dictionaries,0.22410816035333045
103,1,dogs,0.6904326792600325
103,2,dog,0.63829169509588
103,3,cats,0.4484696665649168
103,4,cognition,0.44258140675724905
103,5,hare,0.38467803946709306
103,6,pet,0.38216028653922146
103,7,dognition,0.368392952264277
103,8,pets,0.36361634262168846
103,9,dr hare,0.3447013518049002
103,10,cat,0.3436046761846347
104,1,dinosaurs,0.587159512679044
104,2,journalism,0.5201352971757858
104,3,birds,0.37221443797023906
104,4,alberta,0.3109541446501859
104,5,university alberta,0.2869465107833682
104,6,101,0.23633108810317455
104,7,journalist,0.22988073549934793
104,8,evolution,0.22566691968255748
104,9,betsy,0.22434837127190574
104,10,evolutionary,0.20029273367686107
105,1,difficult worth,0.41878154388965044
105,2,challenging,0.376995919431067
105,3,hard worth,0.37511820054728817
105,4,challenging worth,0.34805673063177495
105,5,tough,0.3453602506154027
105,6,challenging interesting,0.3429254826871463
105,7,tough worth,0.34193369874153406
105,8,worth hard,0.3277162259614885
105,9,worth,0.31109688189314594
105,10,rewarding,0.30765369011258736
106,1,analytics,0.5707473523554447
106,2,customer,0.5699338267711104
106,3,marketing,0.3364534472892615
106,4,analytics course,0.30308749504171634
106,5,understanding customer,0.24463918148237063
106,6,analytics great,0.2420320418327611
106,7,raj,0.22722044112474388
106,8,clv,0.21886557516471228
106,9,analytics good,0.21803584490949093
106,10,predictive,0.21692975798344824
107,1,blockchain,0.8363568704233544
107,2,ethereum,0.34510865937690094
107,3,gut,0.33557940200727526
107,4,technology,0.2780351313457941
107,5,block,0.26853205167749933
107,6,chain,0.21194432806341346
107,7,bina,0.2064829988600498
107,8,ramamurthy,0.20243459737695563
107,9,don,0.19538526854154314
107,10,microbiology,0.1589416638929125
108,1,business,0.41137016657976266
108,2,course business,0.26510204988883557
108,3,business world,0.2554729279853271
108,4,business school,0.2418981575579718
108,5,business course,0.23946228599403374
108,6,london business,0.21667342829758027
108,7,businesses,0.19470383562473134
108,8,business management,0.19131082738862537
108,9,london,0.18989505389321518
108,10,business concepts,0.18863716683467632
109,1,quantitative,0.5010745972411939
109,2,modeling,0.44316168918822807
109,3,quantitative modeling,0.4001943966697848
109,4,modelling,0.3853353711229461
109,5,models,0.3721569659688895
109,6,quantitative methods,0.320870974292032
109,7,model,0.3131665654749548
109,8,quantitative models,0.24368331892189438
109,9,quantitative research,0.23771050454608356
109,10,modeling great,0.19483682973946795
110,1,octave,0.45525682951706437
110,2,matlaboctave,0.274888278830544
110,3,octavematlab,0.27479309497800486
110,4,matlab,0.2311974261539787
110,5,matlab octave,0.22297982510049408
110,6,using octave,0.19243030783340218
110,7,octave programming,0.18386450103090812
110,8,python instead,0.18207918583960533
110,9,use octave,0.16340215088992377
110,10,algorithms,0.15906321954218872
111,1,tools,0.41136972913667
111,2,tools good,0.3069923318387788
111,3,overview tools,0.2973621604606632
111,4,introduction tools,0.2893074023276376
111,5,tools course,0.281644152828443
111,6,tool,0.28024538337464533
111,7,use tools,0.27274147181476055
111,8,tools great,0.25158311058788063
111,9,different tools,0.24589658107408016
111,10,useful tools,0.23994897233056356
112,1,json,0.5105468108228409
112,2,xml,0.4700533074680051
112,3,web data,0.4522956315715605
112,4,api,0.4407161639359424
112,5,web,0.4101548095750669
112,6,apis,0.40505691175122926
112,7,xml json,0.3819049986509777
112,8,scraping,0.36166202170202394
112,9,web scraping,0.33553094651414056
112,10,data web,0.3343189077207251
113,1,big data,0.7571030359393763
113,2,big,0.5063232518416336
113,3,introduction big,0.4590340732274435
113,4,data good,0.3226760428909993
113,5,bigdata,0.3010877950467207
113,6,data world,0.2880762249218828
113,7,knowledge big,0.2791007828056684
113,8,learning big,0.27496164331556044
113,9,concepts big,0.26437708207356403
113,10,data course,0.258645741396539
114,1,oakley,0.547259779264836
114,2,sejnowski,0.44369131787498606
114,3,barbara oakley,0.44044016465413993
114,4,dr oakley,0.3930306381612762
114,5,oakley dr,0.3816319476080461
114,6,barbara,0.367486995513356
114,7,terrence sejnowski,0.33224070428937796
114,8,terrence,0.3150564629399849
114,9,dr sejnowski,0.30689405639640455
114,10,dr barbara,0.3065440227791259
115,1,experience thank,0.6344769946291404
115,2,great experience,0.5476033626773601
115,3,experience amazing,0.5372425975283787
115,4,experience great,0.5367791225274603
115,5,amazing experience,0.5343581535018246
115,6,experience thanks,0.5226365489868702
115,7,good experience,0.47943610280099636
115,8,excellent experience,0.4396863921480261
115,9,experience really,0.4367337752923389
115,10,wonderful experience,0.41812533808747204
116,1,scala,0.7436396205801121
116,2,functional,0.5168153470269814
116,3,functional programming,0.5141737273223256
116,4,introduction functional,0.2909277105028873
116,5,odersky,0.2903311395545818
116,6,fp,0.2734803334966091
116,7,martin odersky,0.24826624058547472
116,8,martin,0.24658342141966713
116,9,java,0.22589404045504813
116,10,jetbrains,0.22495930485725513
117,1,sustainability,0.6651158458604937
117,2,sustainable,0.5379793387459296
117,3,cities,0.4835277990947088
117,4,sustainable development,0.42900325484989477
117,5,urban,0.336289711287218
117,6,development goals,0.3169093287268544
117,7,climate,0.2881421114357969
117,8,climate change,0.25814093916594366
117,9,city,0.24008856203068007
117,10,goals,0.2304743829435001
118,1,slides,0.5476144918950743
118,2,powerpoint,0.3276577600665125
118,3,slide,0.3094318132238881
118,4,slides available,0.2420935572562216
118,5,ppt,0.22746299053804053
118,6,reading slides,0.2251135840758696
118,7,course slides,0.21400017453010836
118,8,pdf,0.21355270662770928
118,9,download,0.2062451734278334
118,10,great slides,0.2054119148635703
119,1,stars,0.45854814110130837
119,2,star,0.4324811186475551
119,3,rating,0.2810530968844893
119,4,reason,0.2777554955136557
119,5,course star,0.26095733055106174
119,6,course stars,0.2598379734687097
119,7,stars course,0.255916871298944
119,8,reason stars,0.2443209745039497
119,9,star rating,0.2438916802231944
119,10,giving stars,0.22861922443027832
120,1,manager,0.3637072543681888
120,2,management,0.3596242574170535
120,3,managers,0.3427440095065223
120,4,managing people,0.3066594088772804
120,5,managing,0.3002027592110241
120,6,julian,0.29521553325804367
120,7,birkinshaw,0.2857924838831597
120,8,course management,0.2566663102146491
120,9,managerial,0.25143245935260683
120,10,change management,0.24760446853688267
121,1,helpful thank,0.4785403976098112
121,2,thank useful,0.40397692403877306
121,3,useful course,0.38645118230804465
121,4,helpful course,0.3786815132110619
121,5,course helpful,0.3744946351879516
121,6,thank course,0.3675073987279567
121,7,useful thank,0.35778240984256116
121,8,helpful thanks,0.35325211041071847
121,9,thanks useful,0.3460402527980031
121,10,thank helpful,0.34030233521979236
122,1,neuroscience,0.5582697678075169
122,2,neurobiology,0.40896281358936504
122,3,mason,0.33874867858406904
122,4,white,0.31040163703740575
122,5,peggy,0.29278937041016406
122,6,peggy mason,0.2629822358832086
122,7,dr white,0.261166057570965
122,8,computational,0.23258160684200432
122,9,nervous,0.23245199077388007
122,10,brain,0.20983791469142007
123,1,people analytics,0.6050205086615784
123,2,analytics,0.5890982430734532
123,3,business analytics,0.42661950305293694
123,4,analytics course,0.2944038172914443
123,5,hr,0.27424060077343465
123,6,analytics great,0.27146737995491144
123,7,talent,0.24055373422013082
123,8,people management,0.2376626263194557
123,9,talent management,0.23300186263370612
123,10,network analysis,0.22499414126530476
124,1,supply chain,0.816702962015545
124,2,supply,0.8005160444249565
124,3,chain,0.7767194031828002
124,4,logistics,0.7528451919970668
124,5,chain management,0.4969109744966102
124,6,course supply,0.3409685688406904
124,7,transportation,0.3305368763083548
124,8,warehouse,0.3209530227899193
124,9,inventory,0.27949291258356973
124,10,warehousing,0.25402015478756834
125,1,feminism,0.5978424873994013
125,2,women,0.4647931922705057
125,3,social justice,0.45700686370085836
125,4,justice,0.41788483181171926
125,5,bettina,0.40070610897155146
125,6,aptheker,0.39677254601045386
125,7,magic,0.3932824996278067
125,8,womens,0.3854498638204268
125,9,movements,0.3384976342863086
125,10,gender,0.33638850664543946
126,1,watson,0.7784263057351833
126,2,watson studio,0.6804092962221853
126,3,ibm watson,0.6711953732201211
126,4,studio,0.6236352195260529
126,5,ibm,0.5127985440040345
126,6,updated,0.307183264058148
126,7,science experience,0.2847669351067847
126,8,interface,0.26803378153009877
126,9,outdated,0.2547305792308619
126,10,zeppelin,0.2468477228815293
127,1,ux,0.6846038242976902
127,2,user experience,0.5256637831084934
127,3,ui,0.5052141477456658
127,4,experience design,0.4804658732119192
127,5,uiux,0.45527965032891693
127,6,ui design,0.4116057101805295
127,7,user,0.38818773842817056
127,8,design,0.38248515641665076
127,9,uiux design,0.32315377144791313
127,10,ui ux,0.30076170951716985
128,1,tuning,0.6588916619456918
128,2,hyperparameters,0.6043711166614526
128,3,hyperparameter,0.5985770150141607
128,4,hyperparameter tuning,0.5466275690732235
128,5,hyper,0.47954962946749147
128,6,regularization,0.46126504969903753
128,7,optimization,0.4230756540916494
128,8,hyper parameters,0.4186173465902096
128,9,parameters,0.38526755237453136
128,10,batch,0.3820327637455604
129,1,hr,0.7800120679487555
129,2,budd,0.49921062537677224
129,3,human resources,0.4807040613154597
129,4,human resource,0.4185126364866101
129,5,john budd,0.4177342970163676
129,6,hrm,0.4070741270099546
129,7,john,0.34951531966802046
129,8,human,0.33228465169874755
129,9,professor john,0.3081187975770033
129,10,resource management,0.3069389121533199
130,1,severance,0.6256282600348598
130,2,charles severance,0.507095312711455
130,3,charles,0.4439218890314237
130,4,dr severance,0.4326776116663311
130,5,russell,0.37454539549837096
130,6,russell severance,0.36963422653190103
130,7,charles russell,0.3577705527352761
130,8,severance great,0.3515366414536349
130,9,professor severance,0.33948872145180414
130,10,dr charles,0.3310128400551392
131,1,platform learn,0.6803521772397618
131,2,platform,0.6676505258974776
131,3,good platform,0.639560278818411
131,4,learning platform,0.5048618391610454
131,5,platform learning,0.4896151157623442
131,6,best platform,0.47454386069807825
131,7,nice platform,0.4474607305515506
131,8,great platform,0.44638388366961607
131,9,excellent platform,0.4262305146401011
131,10,platform best,0.32442706227276796
132,1,macroeconomics,0.5684161735486514
132,2,economics,0.5450855322228152
132,3,economic,0.3969819064139693
132,4,navarro,0.3241421583885402
132,5,economy,0.28944092647324626
132,6,economics course,0.273186859898645
132,7,macro,0.24802019766240077
132,8,economics great,0.2319684557287198
132,9,knowledge economics,0.21162157411961474
132,10,micro,0.19978379525104828
133,1,philosophy,0.7782877302795075
133,2,philosophical,0.4276519112858684
133,3,introduction philosophy,0.4234132715932921
133,4,philosophy course,0.38705948034365095
133,5,philosophers,0.3356203419701112
133,6,course philosophy,0.2800703171390442
133,7,interested philosophy,0.2419590031096429
133,8,edinburgh,0.2389796616875197
133,9,university edinburgh,0.22827522772066342
133,10,philosophy science,0.1920298822379844
134,1,gis,0.8296976157656253
134,2,arcgis,0.5653006149648684
134,3,nick,0.37383731533528014
134,4,nick santos,0.31824513184495273
134,5,arcmap,0.3018260159462
134,6,maps,0.246832268609941
134,7,spatial,0.21798835669970648
134,8,uc davis,0.21280622816216396
134,9,davis,0.20700337776067415
134,10,uc,0.19961359120836333
135,1,research methods,0.5737265617609189
135,2,research,0.541093500245051
135,3,understanding research,0.4739439184315691
135,4,research methodology,0.37072384966883704
135,5,literature review,0.3627159817709911
135,6,understand research,0.31054343258945777
135,7,methods,0.30453992915503286
135,8,researchers,0.3044700547034807
135,9,research question,0.3005775033685387
135,10,researcher,0.2998082615364125
136,1,jupyter,0.6090910541852563
136,2,jupyter notebooks,0.4921981193243952
136,3,jupyter notebook,0.4799971246968599
136,4,notebook,0.411409900974598
136,5,notebooks,0.4110720026409586
136,6,use jupyter,0.2659958929556455
136,7,using jupyter,0.24277591680229826
136,8,notebook assignments,0.20868842605513913
136,9,like jupyter,0.16920868577624704
136,10,zeppelin,0.15672517173454822
137,1,digital transformation,0.7608449012357892
137,2,transformation,0.7276107379429815
137,3,digital,0.5865484247927923
137,4,bcg,0.36688447553611997
137,5,digital world,0.29992021109824635
137,6,course digital,0.2722576491576102
137,7,trends,0.24100284742985517
137,8,framework,0.21671433287784272
137,9,disruption,0.21487672878138625
137,10,technologies,0.21097367014595825
138,1,ibm,0.6318198580435592
138,2,ibm coursera,0.4224820988965821
138,3,coursera ibm,0.3868309208069509
138,4,thanks ibm,0.3760883648252588
138,5,thank ibm,0.3564097419243416
138,6,ibm course,0.3349553182895835
138,7,ibm tools,0.3341786750465665
138,8,course ibm,0.2954913033680417
138,9,ibm platform,0.24982669626353488
138,10,ibms,0.22848476890450323
139,1,agile,0.8158793314300302
139,2,scrum,0.36090975159402505
139,3,personas,0.31486279338580464
139,4,alex,0.29705206940401885
139,5,software development,0.2801634400615066
139,6,agile development,0.2789165284531663
139,7,methodologies,0.2783512236757198
139,8,software,0.26901746091893247
139,9,user stories,0.25385049956256284
139,10,processes,0.25134785931612863
140,1,unity,0.8052532090472612
140,2,game,0.5041124205211982
140,3,game development,0.4650222274886898
140,4,games,0.34600770079675125
140,5,3d,0.34491608526063255
140,6,game design,0.29319683849027417
140,7,engine,0.2768004445116292
140,8,development,0.25517004606932914
140,9,scripting,0.2407346142593748
140,10,development using,0.2295018089707903
141,1,informative course,0.47656144838570624
141,2,information informative,0.38077626075897886
141,3,good informative,0.37916254460798354
141,4,course lots,0.31287576894709135
141,5,information excellent,0.304280108451015
141,6,course informative,0.30328475485446876
141,7,informative interesting,0.29105931269342966
141,8,informative,0.2744483757241111
141,9,interesting informative,0.25762558759233783
141,10,information great,0.2568662837541788
142,1,trainer,0.6223692853244921
142,2,trainers,0.612884540202315
142,3,training,0.5847914454038057
142,4,excellent training,0.4617971106281652
142,5,good training,0.4274764554749568
142,6,training good,0.3807291829076841
142,7,trainer good,0.3355175914502236
142,8,great training,0.3318245893890045
142,9,trainers good,0.3057326259960734
142,10,trainer excellent,0.2945373430595269
143,1,psychological aid,0.5591547011438306
143,2,psychological,0.5172676787473197
143,3,aid,0.4564075838448289
143,4,disaster,0.41981882142743493
143,5,crisis,0.37280854456260787
143,6,disasters,0.3604353746588535
143,7,distress,0.3370434754111128
143,8,everly,0.29268438184710793
143,9,trauma,0.28193263735823904
143,10,intervention,0.28167473579607855
144,1,history,0.5023461032449492
144,2,zelikow,0.4690438172519257
144,3,world history,0.40306258178318344
144,4,big history,0.3833316251662283
144,5,events,0.3748190679386326
144,6,philip,0.28112889958160514
144,7,modern history,0.27133480929296694
144,8,history course,0.2689634892253507
144,9,modern world,0.26741853662655957
144,10,historical,0.2599065584693539
145,1,oil,0.9191094906225541
145,2,gas,0.9064228161670438
145,3,oil gas,0.9059299194860386
145,4,industry,0.4536537312369331
145,5,operations,0.36160756643995534
145,6,pratson,0.3242436666610723
145,7,lincoln,0.30391018490603233
145,8,sector,0.2909223080789231
145,9,downstream,0.2755944310444736
145,10,exploration,0.26828706634489874
146,1,excellent material,0.41220253248935573
146,2,great material,0.3668970307878494
146,3,good material,0.3529444372915805
146,4,materials,0.3250408843968869
146,5,material,0.28256603526810703
146,6,explanation material,0.26762378707471274
146,7,material easy,0.26733132981141394
146,8,excellent materials,0.2642043367816195
146,9,great materials,0.2632979715351423
146,10,helpful materials,0.2581522921538311
147,1,web data,0.5613770229057555
147,2,access web,0.49473974017615946
147,3,python access,0.4463104428575355
147,4,web,0.44000551322019016
147,5,json,0.408902042240861
147,6,xml,0.40370098770290724
147,7,using python,0.38400649397809244
147,8,xml json,0.3652493013873584
147,9,access,0.35568489574092294
147,10,accessing web,0.3178959840394893
148,1,drug,0.7870014447994174
148,2,addiction,0.5608619225126894
148,3,discovery,0.5164990429733454
148,4,drugs,0.5043863116478995
148,5,pharmaceutical,0.4255018894718841
148,6,pharmacy,0.3455304450174717
148,7,commercialization,0.3379354418374703
148,8,addicted,0.28760729715686534
148,9,substance,0.2659913369978957
148,10,abuse,0.2389564425265474
149,1,recommend great,0.6028643192325032
149,2,recommend excellent,0.5733844987483914
149,3,course recommend,0.5355841973924919
149,4,course highly,0.5179968681745072
149,5,recommend good,0.5112187149136437
149,6,course strongly,0.4194432974813346
149,7,recommend amazing,0.3720706331480399
149,8,course recommended,0.3257201006942868
149,9,recommend nice,0.3113136378253316
149,10,recommended great,0.29648286391456563
150,1,theory,0.40716820377202884
150,2,theory practice,0.3596639281071373
150,3,balance theory,0.33864972119291514
150,4,theory practical,0.31034995003015214
150,5,course theory,0.2974308413490246
150,6,balance,0.2559433976445327
150,7,good balance,0.22261733946215143
150,8,theories,0.22112023686867044
150,9,theory course,0.20630079749529603
150,10,mix theory,0.1942997218292228
151,1,enjoyed great,0.5886007001906407
151,2,course enjoyed,0.5391643261210033
151,3,enjoyed excellent,0.5109764619395065
151,4,course loved,0.4945526267479471
151,5,enjoyed nice,0.479713688253129
151,6,loved great,0.46839747059802106
151,7,course love,0.37162615834262763
151,8,loved nice,0.37158462511042106
151,9,enjoyed lot,0.36970713146311956
151,10,enjoyed good,0.3680461215020629
152,1,qwiklabs,0.7881623097738812
152,2,qwiklab,0.5137498228287184
152,3,qwik,0.37521108229116035
152,4,qwik labs,0.3653810813161917
152,5,quiklabs,0.33731824761510865
152,6,labs,0.22597018502776098
152,7,lab,0.21303896709648895
152,8,qwicklabs,0.20055209075551342
152,9,vm,0.17987130025827813
152,10,issue,0.17912893907824795
153,1,communication,0.6853947061086871
153,2,communication skills,0.49246656929386634
153,3,improve communication,0.37731966738670986
153,4,communication course,0.34023310053711997
153,5,effective communication,0.34023310053711997
153,6,group,0.3253100999629605
153,7,communicate,0.3227738512101656
153,8,communication skill,0.28104483675291003
153,9,communications,0.24717937831392878
153,10,communication great,0.2381646074118797
154,1,databases,0.5793027879339291
154,2,database,0.4715947712583433
154,3,sql,0.43793560821787797
154,4,sql python,0.40603190330979044
154,5,sqlite,0.3667174447927266
154,6,db,0.30293923236025305
154,7,python sql,0.30033319360882516
154,8,using databases,0.27473326400175135
154,9,using python,0.2737630396459559
154,10,relational,0.25853120428751686
155,1,introductory course,0.5709915398199167
155,2,introductory,0.530765420253017
155,3,good introductory,0.5146571885400792
155,4,great introductory,0.4849821086949272
155,5,excellent introductory,0.35638343009605306
155,6,nice introductory,0.29512213246545876
155,7,course introductory,0.2755142166578099
155,8,introductory level,0.19450060557524
155,9,best introductory,0.18537713728386612
155,10,useful introductory,0.17783973728195898
156,1,bioinformatics,0.5131809329036495
156,2,biology,0.492823370351873
156,3,genomics,0.4230625280188579
156,4,genetics,0.41757178092382496
156,5,biological,0.34030530419024957
156,6,molecular biology,0.29324886651249354
156,7,molecular,0.2772979877717066
156,8,background biology,0.23778068756458853
156,9,biologist,0.23490688671417462
156,10,biology background,0.22948287127775627
157,1,astronomy,0.7672538397211115
157,2,impey,0.5167488830166154
157,3,universe,0.44767119679839995
157,4,chris impey,0.4276980223679241
157,5,chris,0.4081418526486473
157,6,professor chris,0.3030526368206381
157,7,space,0.2950156459511701
157,8,cosmology,0.27314931814748084
157,9,cosmos,0.26105926969377735
157,10,prof chris,0.24489502284694808
158,1,wind,1.0201763189881075
158,2,energy,0.6830115740317951
158,3,dtu,0.37280753073024
158,4,energy course,0.3610993686333951
158,5,energy great,0.30502222663351775
158,6,energy good,0.29225680370978463
158,7,energy really,0.25310181644151564
158,8,farm,0.24073182543716268
158,9,engineering,0.23326874079870086
158,10,power,0.23032782501198512
159,1,diplomacy,0.8741733121388027
159,2,international relations,0.47864863061088614
159,3,relations,0.44241803771076854
159,4,international,0.3380328910365754
159,5,diplomatic,0.33344557019723736
159,6,global,0.30376671343851025
159,7,modern world,0.2514118826817138
159,8,affairs,0.23901079776785225
159,9,interested international,0.21328470450359135
159,10,university london,0.21218209911908284
160,1,nn,0.7687391606708742
160,2,nns,0.4895248229237975
160,3,nn dl,0.3603364368051747
160,4,deep nn,0.3135171876512998
160,5,dl,0.2894653774539258
160,6,introduction nn,0.28553141514377267
160,7,nn scratch,0.23226298285640387
160,8,nn course,0.2125634303880708
160,9,learning nn,0.2108789256689148
160,10,tune,0.19036906737994588
161,1,security,0.8461022318223511
161,2,security course,0.40691380705363756
161,3,privacy,0.3363837372510982
161,4,secure,0.3151770429268377
161,5,protection,0.2876333204148773
161,6,protect,0.27608492607938695
161,7,defense,0.25804002738914084
161,8,introduction information,0.24904946949007495
161,9,safety,0.19717362897040222
161,10,security concepts,0.18894975107529602
162,1,product,0.7150899056652882
162,2,product management,0.6848931301884004
162,3,product manager,0.5115585370385792
162,4,product managers,0.46090769087061995
162,5,digital product,0.3809464349288937
162,6,manager,0.3712377179676298
162,7,management,0.34247967486601205
162,8,managers,0.32828508955545505
162,9,course product,0.3078256443308009
162,10,alex,0.3064682221768934
163,1,visualization,0.6645732570120748
163,2,data visualization,0.6112297116968229
163,3,plotting,0.400627312093972
163,4,visualisation,0.34222207300996177
163,5,graphs,0.33349020948245073
163,6,visualization course,0.33154975041130996
163,7,visualizations,0.31211710181727303
163,8,data visualisation,0.31041475923535017
163,9,charting,0.30572417699726195
163,10,visualization techniques,0.29265755685919315
164,1,resume,0.6019538386987144
164,2,cover letter,0.5571786797220168
164,3,letter,0.5328626191383918
164,4,resume cover,0.529140897692832
164,5,interview,0.44633419433940047
164,6,job search,0.3565693781473165
164,7,write resume,0.3447915757473523
164,8,job seeker,0.3387037687964652
164,9,cover,0.33652567247099
164,10,job interview,0.33286933447267064
165,1,cybersecurity,0.8270807322042258
165,2,cyber,0.7740935997564553
165,3,cyber security,0.7252354112960381
165,4,security,0.5770179667403299
165,5,attacks,0.39822764972120533
165,6,cyber attacks,0.3736543035214216
165,7,roles,0.2152562507953332
165,8,security course,0.20680729031232087
165,9,audio,0.196798779389342
165,10,ibm,0.18976506537256146
166,1,entrepreneurship,0.7451788781444416
166,2,entrepreneur,0.5428455285702473
166,3,entrepreneurs,0.41370587348403765
166,4,entrepreneurship course,0.34595243826595445
166,5,entrepreneurial,0.3396734738084794
166,6,startup,0.2812773671923512
166,7,entrepreneur course,0.2578722117380099
166,8,business,0.2326057754799309
166,9,course entrepreneur,0.2297745399726704
166,10,market research,0.19750355885894583
167,1,intro course,0.6806028960898745
167,2,intro,0.660086316869998
167,3,great intro,0.5727905710425361
167,4,good intro,0.5375406810892337
167,5,intro great,0.4048304975786258
167,6,intro class,0.33160043875353823
167,7,basic intro,0.33000092211401333
167,8,nice intro,0.32859543040253475
167,9,intro good,0.311249437651675
167,10,amazing intro,0.2876355510642337
168,1,scientific,0.4518631122892581
168,2,writing,0.4275799389505557
168,3,sainani,0.3949069062399181
168,4,sciences,0.37076785183597166
168,5,dr sainani,0.36031432647127476
168,6,kristin,0.29517723667077667
168,7,scientific papers,0.27871114788727613
168,8,dr kristin,0.2647974060696857
168,9,papers,0.2545420312800551
168,10,manuscripts,0.2500813614630883
169,1,pe,0.7600136679684376
169,2,private equity,0.7450350743708809
169,3,equity,0.7232298631996213
169,4,private,0.6718444157327053
169,5,vc,0.6328101736547411
169,6,capital,0.546165641948257
169,7,venture,0.536436471607395
169,8,stefano,0.3489802564088537
169,9,caselli,0.32547872714443454
169,10,valuation,0.3204236324497847
170,1,structured course,0.560328592128228
170,2,organized course,0.4768936246858885
170,3,organised course,0.4113273889586875
170,4,organised,0.37500644603595407
170,5,structured,0.36724886045960486
170,6,organized,0.34445932655236083
170,7,course organized,0.3216682913255168
170,8,course structured,0.31309951465298924
170,9,presented course,0.2871725939552627
170,10,wellorganized course,0.28041554953750925
171,1,engineering,0.5715977785607808
171,2,mechanics,0.5322466173362853
171,3,engineering mechanics,0.5048742219896575
171,4,whiteman,0.40829604318726365
171,5,engineers,0.39408345655709237
171,6,mechanical,0.3757619516841747
171,7,engineer,0.32829618529198956
171,8,mechanical engineering,0.3275407656445793
171,9,civil,0.31263947091610594
171,10,mechanics course,0.3081692020327609
172,1,anatomy,0.5899717359654935
172,2,physiology,0.5802858000733435
172,3,body,0.4465416268593015
172,4,human physiology,0.41638554425391433
172,5,human body,0.4069789948250299
172,6,human,0.3253088733559651
172,7,physiology course,0.307255696541
172,8,anatomy physiology,0.2698159689197238
172,9,anatomical,0.2429301379778768
172,10,jakoi,0.23864457607154677
173,1,google,0.5004326233608007
173,2,google team,0.378255888115223
173,3,learning google,0.3368103207180966
173,4,google courses,0.3232178386107249
173,5,google best,0.3149029923801344
173,6,thank google,0.3038920920764801
173,7,google employees,0.2907558884113424
173,8,love google,0.2907558884113424
173,9,google thanks,0.2798768062240855
173,10,googles,0.2793496217244728
174,1,chuck,0.3620577332590796
174,2,dr chuck,0.35336234455338084
174,3,drchuck,0.2382385667086063
174,4,dr,0.22761475864995065
174,5,chuck amazing,0.21661297598170584
174,6,professor chuck,0.20674035102706254
174,7,chucks,0.199412530042254
174,8,chuck makes,0.187461725202784
174,9,chuck great,0.18562951835415742
174,10,dr chucks,0.184489724187116
175,1,energy,0.6962413009681554
175,2,renewable,0.6211593462744786
175,3,renewable energy,0.5875411005178393
175,4,green,0.4351821056972892
175,5,climate,0.3708761216962459
175,6,energy sector,0.34432695321418133
175,7,luciani,0.3050027640541986
175,8,entrepreneurship,0.28787015571443086
175,9,politics,0.2877712882287308
175,10,policy,0.28584462949784634
176,1,epidemiology,0.8681148941139725
176,2,public health,0.46915153752357996
176,3,public,0.37590281505838646
176,4,health,0.3097300672106067
176,5,mapping,0.19491451747519076
176,6,measures,0.1936988083639522
176,7,basic science,0.17989573511696905
176,8,gis,0.17838525646243825
176,9,causal,0.17699537601702256
176,10,disease,0.17570665919078915
177,1,laurie,0.7327884474664823
177,2,laurie santos,0.6221137088595748
177,3,santos,0.5146274455600968
177,4,professor laurie,0.3934186203694152
177,5,thank laurie,0.3614694760091423
177,6,dr laurie,0.3533469051111844
177,7,thanks laurie,0.31177058724093193
177,8,santos amazing,0.2721692544211312
177,9,prof laurie,0.2541643961552213
177,10,santos great,0.2293361326275995
178,1,sigma,1.0122337115456563
178,2,lean,0.6495921039890172
178,3,belt,0.39817528842820393
178,4,yellow,0.33704286691717544
178,5,green belt,0.3353845056625612
178,6,yellow belt,0.3350678594190323
178,7,inez,0.33213421354718936
178,8,minitab,0.32563974392431716
178,9,data analytics,0.27659603611251005
178,10,principles,0.25909839806854756
179,1,horses,0.5820833417528599
179,2,horse,0.5754182343754244
179,3,bugs,0.3321112531951374
179,4,creatures,0.23783965122909279
179,5,care,0.22744122650621518
179,6,owner,0.22166135544704696
179,7,bees,0.2209594821117404
179,8,bee,0.21713887598820072
179,9,university alberta,0.21022755896432985
179,10,alberta,0.2088614854563096
180,1,calculus,0.628699155778121
180,2,easdown,0.4796746815375464
180,3,david easdown,0.34253588435086685
180,4,professor easdown,0.3289112397265751
180,5,david,0.3203575160054942
180,6,learn calculus,0.2829371082225397
180,7,calculus course,0.2824063162301218
180,8,advanced calculus,0.2485387845023629
180,9,derivatives,0.22678162855105244
180,10,knowledge calculus,0.2214889565292538
181,1,shapiro,0.580397755645789
181,2,political,0.5635992419043
181,3,politics,0.5396883673926055
181,4,public policy,0.533753241493225
181,5,policy,0.49331634690309684
181,6,public,0.33789683669713894
181,7,political science,0.30654532596187234
181,8,ian,0.2990889374645907
181,9,prof shapiro,0.28048797043734836
181,10,moral,0.260933383665534
182,1,cloud,0.6081009375792603
182,2,cloud computing,0.5858045974891365
182,3,computing,0.48717269455460466
182,4,cloud technology,0.36546469815703464
182,5,course cloud,0.3501693493279333
182,6,understanding cloud,0.3068291275131897
182,7,cloud infrastructure,0.29371871904536023
182,8,cloud course,0.2785966646842484
182,9,cloud architect,0.2621763042817432
182,10,new cloud,0.2621763042817432
183,1,procrastination,0.5978869848074556
183,2,avoid procrastination,0.267566748935199
183,3,tackle procrastination,0.2579699549919432
183,4,deal procrastination,0.24865389602120164
183,5,pomodoro,0.2430902458225106
183,6,procrastinate,0.2345108371116414
183,7,overcome,0.2201397911853576
183,8,procrastinating,0.21649809318430419
183,9,pomodoro technique,0.2085681725003467
183,10,fight procrastination,0.20356528285832517
184,1,forum,0.40216759682820696
184,2,discussion,0.3939015952022578
184,3,forums,0.37697305278440285
184,4,discussion forum,0.37410794728419994
184,5,discussion forums,0.34965158833458576
184,6,course discussion,0.2589373315690843
184,7,doubts,0.21282502543537077
184,8,participation,0.20962852208279042
184,9,discussion form,0.20821556068029554
184,10,forums great,0.19589885622581663
185,1,shiller,0.655370770670182
185,2,professor shiller,0.5262253367094076
185,3,robert shiller,0.4575297398340414
185,4,markets,0.42255534442027354
185,5,robert,0.41672700233622295
185,6,prof shiller,0.39821910633641117
185,7,finance,0.3849736742167518
185,8,financial,0.36508142852725595
185,9,professor robert,0.30968372428633256
185,10,shillers,0.2869727490424385
186,1,social,0.6168769078104823
186,2,norms,0.53033793375029
186,3,social norms,0.49081064195375246
186,4,social change,0.4041030017357074
186,5,social impact,0.3950363115374314
186,6,social science,0.3217686063797513
186,7,enterprise,0.31441300937696254
186,8,social work,0.2902316685495436
186,9,understand social,0.28681790520404116
186,10,understanding social,0.2815496302321142
187,1,parenting,0.6680139792260827
187,2,parents,0.5755441493043952
187,3,parent,0.566112781993165
187,4,child,0.49303124694739225
187,5,kazdin,0.4622698323537038
187,6,children,0.43665891243943755
187,7,course parents,0.37132883879267997
187,8,child development,0.3453632894226273
187,9,behavior,0.30524877114249666
187,10,alan,0.30379775145938653
188,1,cancer,1.032873336277499
188,2,biology,0.49711043650153386
188,3,treatment,0.35926019824391864
188,4,treatments,0.31377122782991373
188,5,imaging,0.2580639509102616
188,6,screening,0.2560925130657502
188,7,biology course,0.21057584678855737
188,8,types,0.20073934381522657
188,9,pienta,0.19021484571110645
188,10,doctors,0.18520880469909204
189,1,social media,0.7763968401667747
189,2,media,0.7144966850477736
189,3,social,0.5820431262990313
189,4,introduction social,0.3054258619568115
189,5,hlavac,0.30419081277843923
189,6,randy,0.2957578277359242
189,7,world social,0.2859834035342971
189,8,twitter,0.27561312626408374
189,9,marketing,0.26956604817185853
189,10,important components,0.2622639934798638
190,1,pmbok,0.6976227445176727
190,2,pm,0.690004850746346
190,3,pmp,0.5871120152160505
190,4,pms,0.3517622218253264
190,5,project management,0.31815310822866505
190,6,margaret,0.23240778780727228
190,7,project,0.22849214002596047
190,8,initiating planning,0.21648848742685808
190,9,guide,0.2155934559327156
190,10,initiating,0.21314755976323316
191,1,taken best,0.7732319390247859
191,2,best course,0.6369240913703091
191,3,course taken,0.5709955063609369
191,4,ive best,0.5176074264161401
191,5,course best,0.5110959667928983
191,6,course ive,0.4814727807040096
191,7,seen best,0.4637395979612476
191,8,life best,0.44314893383858095
191,9,till best,0.44117785723472525
191,10,greatest course,0.43130813306229654
192,1,mental health,0.7565228605704427
192,2,mental,0.7248905673286938
192,3,health,0.5005691430648964
192,4,psychiatry,0.4969780299689825
192,5,illness,0.46872206241590064
192,6,mental illness,0.4031798339068446
192,7,social context,0.2746048478195783
192,8,recovery,0.2742984778970445
192,9,illnesses,0.27180115054544673
192,10,health issues,0.25476678474217446
193,1,strategy,0.7007175314091101
193,2,strategic,0.6031698076764994
193,3,strategic management,0.5619205779354531
193,4,business strategy,0.5003561682081156
193,5,corporate strategy,0.4281763477776655
193,6,strategy course,0.3203643486293738
193,7,corporate,0.29789333029167386
193,8,strategy great,0.292706809563089
193,9,course strategic,0.2700488341617454
193,10,strategic planning,0.2676177749455827
194,1,metrics,0.9120532732783547
194,2,business metrics,0.8404169412691372
194,3,business,0.41923676427754136
194,4,introduction business,0.3796775138302756
194,5,metrics used,0.35686630061018426
194,6,metric,0.3550658111622852
194,7,overview business,0.30773375027977323
194,8,metrics data,0.3002770147869843
194,9,business analysis,0.28378793022786436
194,10,egger,0.2526621240633443
195,1,subtitles,0.7367749833262024
195,2,russian,0.4542711769429749
195,3,arabic,0.4319155615087693
195,4,subtitle,0.4027228501210573
195,5,english subtitles,0.3402540672919293
195,6,spanish,0.29660737359806894
195,7,videos subtitles,0.28920351733239813
195,8,subtitles english,0.2781080540503075
195,9,subtitles spanish,0.27560444336083073
195,10,english,0.24996731972372013
196,1,fraud,0.9493681575914215
196,2,forensic,0.7132504048444205
196,3,examination,0.6647503754324753
196,4,accounting,0.4858936048654209
196,5,frauds,0.4005795705646897
196,6,fraud detection,0.3341782178363982
196,7,investigation,0.3187801457088738
196,8,examination course,0.2852800719871853
196,9,internal,0.28064182215081174
196,10,detection,0.27100640638634277
197,1,html5,0.685740937729343
197,2,html,0.5468325491196776
197,3,accessibility,0.4368764816228122
197,4,tags,0.3827131041222325
197,5,html course,0.3199366314037963
197,6,lent,0.2880579952103837
197,7,colleen,0.27989265853255485
197,8,web design,0.2731657331004792
197,9,learning html,0.2598542414129704
197,10,van lent,0.2591030175147735
198,1,course thank,0.6309636987672601
198,2,course thanks,0.5616542312699023
198,3,thanks wonderful,0.5274956203032132
198,4,thank wonderful,0.49151809784206635
198,5,thank great,0.4720381018923275
198,6,thank amazing,0.4576791102124478
198,7,thanks great,0.40812821586492515
198,8,wonderful course,0.38307135230144707
198,9,thank course,0.33406978318876274
198,10,thank awesome,0.2952710323823131
199,1,database,0.7302142840262064
199,2,databases,0.6011193495519189
199,3,database management,0.4926694421950445
199,4,dbms,0.3962366219788089
199,5,relational,0.39416872224692545
199,6,database design,0.330310827934413
199,7,mysql,0.32892992714916985
199,8,db,0.30016927014055117
199,9,database good,0.284065942644477
199,10,relational databases,0.27216204628165863
200,1,jira,1.1027455934723078
200,2,agile,0.5987591606021279
200,3,kanban,0.4385842564955235
200,4,scrum,0.43847869976232234
200,5,atlassian,0.4333101189567422
200,6,understanding agile,0.2664190674792055
200,7,agile project,0.24665612763490816
200,8,software,0.23645525951241136
200,9,methodologies,0.1878541851579602
200,10,tool,0.18382998973867085
201,1,bloom,0.7501454120910305
201,2,professor bloom,0.6128043929743917
201,3,paul bloom,0.5098750152721873
201,4,paul,0.47887473106183776
201,5,prof bloom,0.4391191460194679
201,6,bloom engaging,0.3281756656878896
201,7,professor paul,0.29392066719730553
201,8,morality,0.2454851865667191
201,9,dr bloom,0.23107099895934224
201,10,prof paul,0.23107099895934224
202,1,tutor,0.7782726999154914
202,2,tutors,0.5951375629576773
202,3,course tutor,0.48230799293149834
202,4,best tutor,0.39279279153775976
202,5,amazing tutor,0.3910711719180687
202,6,tutor great,0.3813333563898153
202,7,great tutor,0.3564398267281802
202,8,awesome tutor,0.35195658298720783
202,9,course tutors,0.34587471727705965
202,10,tutor good,0.3401685358951052
203,1,tableau,1.0425181442184634
203,2,visualization,0.45987892481292747
203,3,visualizations,0.35390968287054514
203,4,viz,0.33990453000077475
203,5,data visualization,0.30213973554469686
203,6,data viz,0.27729426400324264
203,7,twitter,0.27227839596918885
203,8,visualisation,0.24659875101863687
203,9,data visualisation,0.20419005885140892
203,10,story,0.17048938348725395
204,1,typography,1.0058585980483292
204,2,typographic,0.4188367693102304
204,3,typeface,0.4188367693102304
204,4,fonts,0.303856128807378
204,5,type,0.24597415729964223
204,6,posters,0.24125770305605704
204,7,graphic,0.24095202659220397
204,8,anther,0.22902976066445982
204,9,font,0.22485107183636358
204,10,graphic design,0.21691093641042827
205,1,bayesian,0.8707749704999952
205,2,statistics,0.4109800918894968
205,3,lee,0.32863475572401324
205,4,inference,0.31177323823009756
205,5,bayes,0.2994916957624386
205,6,distributions,0.25277166096494136
205,7,posterior,0.2322173724632029
205,8,herbert,0.2310873012568827
205,9,stats,0.22706410033880123
205,10,professor lee,0.22513259205514075
206,1,bootstrap,0.9744693299435038
206,2,gulp,0.4858769432576312
206,3,npm,0.4711590802805572
206,4,grunt,0.43750835588653153
206,5,jogesh,0.30500567019825375
206,6,frontend,0.2890031799776834
206,7,muppala,0.2767553669915095
206,8,node,0.2603351932568432
206,9,nodejs,0.2602546290890118
206,10,jogesh muppala,0.25811972343068446
207,1,cnn,0.44835768200928644
207,2,convolutional,0.41339657621603837
207,3,cnns,0.391438699768865
207,4,computer vision,0.3829258775853136
207,5,yolo,0.3685429091144266
207,6,convolutional neural,0.3672920356706106
207,7,transfer,0.36329930340478095
207,8,style transfer,0.3614070481500185
207,9,convolution,0.35857182059449216
207,10,object detection,0.3446484962880545
208,1,welfare,0.8495176001157625
208,2,animal,0.8416961903985996
208,3,animals,0.6848046160696689
208,4,animal behaviour,0.44179505592810153
208,5,behaviour,0.33705300671484156
208,6,farm,0.32557780517698326
208,7,wild,0.2891601689111101
208,8,farming,0.26333658830547163
208,9,behavior,0.2563782755941485
208,10,captive,0.23736983214741025
209,1,presenters,0.7120789185546231
209,2,presenter,0.6528267741017754
209,3,great presenter,0.3757930791016857
209,4,presenter great,0.33462622370610856
209,5,course presenters,0.32963015877180346
209,6,excellent presenter,0.3278650265691384
209,7,great presenters,0.29278737199705035
209,8,course presenter,0.28871033791150336
209,9,presenter good,0.27652591654585323
209,10,presenters good,0.2738775082967233
210,1,santos,0.6417638497658585
210,2,professor santos,0.5954806013708737
210,3,dr santos,0.558234109234988
210,4,santos engaging,0.34247548038941195
210,5,santos amazing,0.3313473095107332
210,6,santos great,0.29039825852608186
210,7,nick santos,0.24702559666571478
210,8,santos excellent,0.24642471624784204
210,9,nick,0.22192475507486598
210,10,happiness,0.21453529312134947
211,1,best courses,0.7978042767547255
211,2,courses ive,0.6513705629553158
211,3,taken best,0.5902952117191652
211,4,courses taken,0.5699054986758239
211,5,ive taken,0.4442413196252593
211,6,courses best,0.4357751993596249
211,7,taken,0.39703184149622117
211,8,life best,0.3515774907998901
211,9,greatest courses,0.3485932173431462
211,10,courses learned,0.34125660449351475
212,1,graphlab,0.7598574762809923
212,2,turicreate,0.3380584663235786
212,3,sframe,0.2986809785646678
212,4,open source,0.2603532127877583
212,5,graph,0.2501305212667707
212,6,scikit,0.24499239791475794
212,7,library,0.24170306620107485
212,8,scikitlearn,0.22760026789704765
212,9,source,0.2198916440078792
212,10,packages,0.2137288945319909
213,1,exercise,0.5147596963159278
213,2,fitness,0.5103959880133253
213,3,science exercise,0.4583529329841803
213,4,body,0.4514038171310993
213,5,mazzeo,0.4059555535323071
213,6,robert mazzeo,0.33388170401983325
213,7,physiology,0.3255948617035731
213,8,adaptations,0.3091275508759809
213,9,endurance,0.30697312043036795
213,10,knowledge exercise,0.30162420251784205
214,1,thank learned,0.5295906380652744
214,2,lot course,0.4500548372354648
214,3,thank learnt,0.38297899906916233
214,4,course thank,0.35710286692105186
214,5,course thanks,0.327235913213715
214,6,thank ive,0.3266055878028003
214,7,thanks learned,0.32588833050967214
214,8,thank thank,0.3189322625040201
214,9,thank learn,0.3114708561176608
214,10,learned lot,0.2972140793380021
215,1,course thank,0.5997968094560975
215,2,course thanks,0.5448846401413876
215,3,thank good,0.4603876416477162
215,4,thank great,0.44301685333175905
215,5,thanks lot,0.405352946142536
215,6,thank excellent,0.4011234425236604
215,7,thank nice,0.3105262699015353
215,8,lot good,0.3068237460985156
215,9,lot excellent,0.29941827744004634
215,10,thanks good,0.2730947366565057
216,1,css3,0.7376324245244007
216,2,css,0.7046952550900869
216,3,css course,0.44015787515384863
216,4,colleen,0.3541373411927829
216,5,styling,0.34550381132735936
216,6,colleen van,0.2841445218438155
216,7,van lent,0.26878753130903216
216,8,lent,0.2655127681599392
216,9,properties,0.2592349397205316
216,10,collen,0.24330047877205327
217,1,physics,0.8250705278236524
217,2,bloomfield,0.5532600058718034
217,3,physics course,0.4037447625078426
217,4,lou,0.3800578642305409
217,5,louis,0.34822703301766056
217,6,knowledge physics,0.2618306004457976
217,7,things work,0.26010661935907087
217,8,season,0.2327369600241979
217,9,understanding physics,0.21177407228775733
217,10,mechanical,0.20743432565097333
218,1,notebooks,0.6289986993087239
218,2,notebook,0.4983179085360769
218,3,colab,0.30103631216890797
218,4,course notebooks,0.30014339149569824
218,5,colab notebooks,0.2508750660751393
218,6,notebooks course,0.23142602934196949
218,7,notebooks great,0.2194073891317681
218,8,bad experience,0.21653365238688055
218,9,notebooks provided,0.20571825095583096
218,10,notebooks assignments,0.1964899729814003
219,1,vba,0.9089058580786209
219,2,macros,0.472175553571403
219,3,macro,0.345969440933838
219,4,nuttelman,0.30390927377763655
219,5,charlie,0.297338544931753
219,6,thank charlie,0.18949589957791976
219,7,week optional,0.18755568045438525
219,8,excel,0.1864862301287805
219,9,automating,0.17835795543279653
219,10,automate,0.17728785575000378
220,1,matplotlib,0.7120866782575986
220,2,visualization,0.42781061609174037
220,3,plotting,0.4217585952624041
220,4,visualization python,0.4106885372015434
220,5,seaborn,0.3949131556065386
220,6,data visualization,0.39454644492576757
220,7,charts,0.27458419442259163
220,8,charting,0.27436781600032834
220,9,plots,0.2740885755954283
220,10,visualizations,0.2691162324409545
221,1,functional programming,0.7574581014724616
221,2,functional,0.7423086095809494
221,3,introduction functional,0.45769382196593467
221,4,haskell,0.30270219812824767
221,5,sml,0.30092807047734327
221,6,recursion,0.2737090870057911
221,7,fp,0.2536480720814766
221,8,dan,0.2466182582678474
221,9,programming great,0.23140365153722178
221,10,programming concepts,0.22572229248846673
222,1,pohl,0.25913661181637687
222,2,fundamentals language,0.21578086846516947
222,3,compile,0.20747285315976363
222,4,programming language,0.206304944492561
222,5,ira,0.20401777935597867
222,6,programming good,0.2002165712167309
222,7,language,0.19984169044915157
222,8,programming course,0.19564606722399147
222,9,concepts programming,0.19512414671080086
222,10,writing algorithms,0.18444231566272223
223,1,rl,0.7097102998253016
223,2,biotechnology,0.6673420615329946
223,3,reinforcement learning,0.629566187983382
223,4,reinforcement,0.5839022710249453
223,5,industrial,0.4688114049479137
223,6,sutton,0.39771202740208444
223,7,biotech,0.2962199217882929
223,8,manchester,0.25362268682650285
223,9,textbook,0.24443270430808084
223,10,book,0.2362421028535256
224,1,introduction course,0.6868212184372997
224,2,good introduction,0.3349876034847792
224,3,course introduction,0.3151031647147844
224,4,introduction,0.2930791880133423
224,5,introduction good,0.27983512494699064
224,6,great introduction,0.2615411282467237
224,7,interesting introduction,0.24809281057694738
224,8,nice introduction,0.24374613178985763
224,9,introduction really,0.22479988433898812
224,10,introduction excellent,0.22225456560145768
225,1,session,0.8341455713493026
225,2,sessions,0.7093916029286778
225,3,great session,0.5302737473452629
225,4,good session,0.5254502578532229
225,5,session good,0.46372042791463125
225,6,sessions informative,0.45155118766406593
225,7,interactive session,0.42356786016884007
225,8,session great,0.4157777538588965
225,9,informative session,0.3889244759956044
225,10,session enjoyed,0.3739490598474989
226,1,cryptography,0.8472346470508776
226,2,crypto,0.5684440666742787
226,3,boneh,0.46527522406517186
226,4,encryption,0.3646493252709404
226,5,dan boneh,0.3586688148574048
226,6,dan,0.33364011030548535
226,7,ii,0.3289509228061354
226,8,professor dan,0.26561099235544344
226,9,optional programming,0.22014810984169755
226,10,constructions,0.20998700122206293
227,1,foundation,0.6026843454762422
227,2,foundation course,0.5604548188707212
227,3,great foundation,0.43119051176429213
227,4,good foundation,0.4250347264815838
227,5,foundation great,0.41636550294018193
227,6,solid foundation,0.4009303450374908
227,7,foundations,0.3736419265554775
227,8,excellent foundation,0.34088953448691584
227,9,build foundation,0.33586455082236905
227,10,foundational,0.30879199816766467
228,1,game,0.7954641744234321
228,2,game development,0.7355455991655916
228,3,games,0.4869027839518667
228,4,development,0.39303851745200086
228,5,course game,0.355694336624989
228,6,game changer,0.3495672134041749
228,7,development great,0.34624847630128314
228,8,gaming,0.33776505296795534
228,9,changer,0.3331624096166047
228,10,dev,0.3297709476639767
229,1,scikitlearn,0.36336398699924016
229,2,scikit learn,0.30928570964148033
229,3,python machine,0.3025148066664287
229,4,scikit,0.2970849676540052
229,5,sklearn,0.2913444170231191
229,6,learning python,0.2799053178790822
229,7,learning using,0.24346032455768252
229,8,using python,0.2400163787009639
229,9,algorithms python,0.23498238323324336
229,10,machine learning,0.22006192664609434
230,1,fundamentals,0.5173735363587518
230,2,fundamentals great,0.46680830768400466
230,3,fundamentals good,0.45841888806401804
230,4,fundamentals course,0.43130924308839186
230,5,fundamental course,0.40345285384638974
230,6,course fundamentals,0.4000383123527621
230,7,fundamental,0.3721778634994096
230,8,learn fundamentals,0.3630569729277085
230,9,great fundamentals,0.3316680039198554
230,10,know fundamentals,0.2991668900280696
231,1,relativity,0.8033057059270321
231,2,einstein,0.46513189053774534
231,3,lagerstrom,0.4645080822188413
231,4,special,0.46164548423958385
231,5,larry,0.39598432181803256
231,6,general theory,0.362616927435515
231,7,theory,0.3068477784600132
231,8,prof lagerstrom,0.30098043662906676
231,9,concepts special,0.2988639412615333
231,10,physics,0.27299083381656014
232,1,creativity,0.6978959758129816
232,2,creative thinking,0.5888933164705841
232,3,creative,0.5694013544521098
232,4,thinking techniques,0.34905111366132113
232,5,peter,0.33943178295649573
232,6,peter childs,0.3383949137994749
232,7,childs,0.31625409539885063
232,8,creative problem,0.3017994885569625
232,9,course creative,0.2981510126689081
232,10,thinking,0.2807288863271919
233,1,metaanalysis,0.7943297118218875
233,2,systematic,0.6866978530123935
233,3,migration,0.4716853043404169
233,4,meta,0.41201541764899535
233,5,reviews,0.363593087368294
233,6,review,0.312954383966317
233,7,learning systematic,0.2452666897810967
233,8,conducting,0.24139582745061086
233,9,course systematic,0.23391340333078026
233,10,learn systematic,0.19763744703963002
234,1,weeks,0.3411003136723797
234,2,days,0.3347240518737752
234,3,week course,0.29589959171956914
234,4,hours,0.29351963278172843
234,5,course weeks,0.259891033404765
234,6,days complete,0.2377849480923523
234,7,week long,0.23296792291888863
234,8,23 days,0.23115285827042933
234,9,week,0.22963006114809992
234,10,23,0.2248816499740847
235,1,tourism,0.7798413490386712
235,2,plants,0.639267547517893
235,3,plant,0.5487161763546062
235,4,chamovitz,0.44250302288814625
235,5,sustainable,0.4085151114409166
235,6,tourist,0.31552568336329767
235,7,senses,0.285549594706895
235,8,daniel chamovitz,0.27967371049316775
235,9,daniel,0.27621710376084524
235,10,biology,0.24923491797179143
236,1,ecology,0.8142022525119245
236,2,conservation,0.6854441674233015
236,3,ecosystem,0.4974816924389725
236,4,ecosystems,0.43124323403956794
236,5,ecological,0.41431733031143936
236,6,park,0.35244339361427607
236,7,national,0.3049611713951791
236,8,dynamics,0.2710801894721236
236,9,nature,0.2607626189401441
236,10,species,0.23356921643055037
237,1,program,0.6992738475137643
237,2,great program,0.5675686364645581
237,3,excellent program,0.5521098559828989
237,4,good program,0.432849593243308
237,5,program really,0.42676738928767327
237,6,program thank,0.4020674239656641
237,7,program great,0.3904006231254359
237,8,program learned,0.3864699437437208
237,9,nice program,0.378499963519765
237,10,love program,0.34818564821876274
238,1,start good,0.6489333552650446
238,2,course start,0.6165254635416961
238,3,course starters,0.5793524833888738
238,4,course begin,0.5535937388973692
238,5,starters,0.5469172360575221
238,6,start great,0.5458178213859827
238,7,starters good,0.536426635458981
238,8,begin good,0.44028395409879867
238,9,started good,0.43750075666492
238,10,start course,0.4349609488564503
239,1,egypt,0.8534762443152649
239,2,ancient,0.8049020453588754
239,3,egyptian,0.6466292026186303
239,4,silverman,0.5155017326022844
239,5,civilization,0.45187887972453467
239,6,dr silverman,0.406056941041082
239,7,penn,0.3481452696237606
239,8,museum,0.32366503604422725
239,9,gods,0.27574209317740933
239,10,culture,0.2545581530380122
240,1,shiller,0.8589476494799652
240,2,professor shiller,0.6535028593647898
240,3,robert shiller,0.5938725636915027
240,4,robert,0.5677214418259036
240,5,prof shiller,0.5102499754343465
240,6,shillers,0.4156930140269931
240,7,professor robert,0.38057803457791606
240,8,shiller excellent,0.37928462684953873
240,9,dr shiller,0.3595624538597468
240,10,shimon,0.3181099699905468
241,1,charles,0.6375655620432168
241,2,dr charles,0.4611371982783648
241,3,charles great,0.4223838248639072
241,4,professor charles,0.3805687860782141
241,5,charles sir,0.3617206260203806
241,6,course charles,0.35400421079638794
241,7,prof charles,0.3176336422212995
241,8,sir charles,0.30568644802364775
241,9,way charles,0.2977757746280977
241,10,charles good,0.2789306219085429
242,1,hadoop,0.8938338850797377
242,2,mapreduce,0.551883571553875
242,3,big data,0.4812804928641617
242,4,cloudera,0.3938049177061635
242,5,big,0.32305351652579073
242,6,introduction big,0.3109479647905583
242,7,map reduce,0.2581996537607472
242,8,overview big,0.24719682507606147
242,9,spark,0.2394942753682635
242,10,bigdata,0.23550781033692597
243,1,industry,0.5617020856909767
243,2,overview industry,0.4390202329182377
243,3,insights industry,0.3549114687293599
243,4,industries,0.34411668960009884
243,5,industry great,0.3233121629056722
243,6,industrial,0.30961129966107026
243,7,industry experts,0.30641346770880296
243,8,course industry,0.2829867746200235
243,9,industry professionals,0.2670624860937696
243,10,industry leaders,0.265477196476833
244,1,yaakov,0.821458854957475
244,2,hopkins,0.5606786286814871
244,3,yaakov chaikin,0.5551273524530456
244,4,chaikin,0.551276291416161
244,5,hopkins university,0.48551350823611766
244,6,johns hopkins,0.4749566511298603
244,7,johns,0.47151027556698044
244,8,john hopkins,0.41765445319839367
244,9,professor yaakov,0.40506927726664044
244,10,yaakov great,0.37483472138421614
245,1,social psychology,0.7728832009838097
245,2,plous,0.5405033009095667
245,3,scott plous,0.4702546661151375
245,4,scott,0.46880094431609226
245,5,social,0.4641579084859141
245,6,professor scott,0.4308411676184766
245,7,psychology,0.3979227501988102
245,8,professor plous,0.3756556079393788
245,9,psychology course,0.2972497717109839
245,10,course social,0.2960330557909519
246,1,statistics,0.43504322443141685
246,2,statistical,0.30978135856683564
246,3,probability,0.3035073089858692
246,4,basic statistics,0.29284918764128226
246,5,basics statistics,0.2663292249269578
246,6,course statistics,0.262654050953811
246,7,stats,0.26082143873973174
246,8,statistics course,0.2397151331917177
246,9,introduction statistics,0.23887468992864164
246,10,statistics lectures,0.22067271399168112
247,1,leadership,0.9051962220742864
247,2,leader,0.5400975952514422
247,3,leaders,0.4081170646825582
247,4,leadership skills,0.4030020024615328
247,5,21st,0.35208520964897305
247,6,century,0.3519261385007725
247,7,21st century,0.3451972344599782
247,8,leader course,0.31410230659197114
247,9,jim,0.2699127965026075
247,10,course leader,0.25795640066831477
248,1,simulation,0.7884578300627166
248,2,simulations,0.5969915146937075
248,3,simulator,0.42484705033149983
248,4,simulators,0.2670939706691081
248,5,simulations really,0.25857247020071317
248,6,sim,0.24582156322156876
248,7,course simulations,0.22756726963980614
248,8,everly,0.22342859661156264
248,9,monte carlo,0.22032715704369177
248,10,monte,0.21918416011878303
249,1,theory,0.5967159725358528
249,2,theory practice,0.480127350193536
249,3,theory theory,0.42575677765326425
249,4,balance theory,0.4248861697852574
249,5,mix theory,0.38544645489308493
249,6,lot theory,0.3847302172071816
249,7,theory good,0.38120650687167024
249,8,combination theory,0.3720716512487087
249,9,theory practical,0.36096484729037376
249,10,theory useful,0.3383007963109109
