topic_id,n,mean,median,median_ci_lo,median_ci_hi,std
126,507,0.41436258791814995,0.4943800331093371,0.4710982237011194,0.49845286761410534,0.30499487314802654
45,1280,0.43652273031658523,0.49362796545028687,0.470602692803368,0.49747529946907887,0.3224081510693347
83,803,0.4106748273744514,0.47368548810482025,0.2498624324798584,0.4939594594761729,0.31323189759203895
234,230,0.37515970371769863,0.2777715027332306,0.2484771006857045,0.48496688762679696,0.3278831557866218
195,284,0.39906329601207047,0.24985802173614502,0.24925851502339355,0.4957523901248351,0.3513315142513974
218,263,0.3579765380174386,0.24974316358566284,0.24868445505853742,0.40139319747686386,0.32981433466158133
136,469,0.3597264412363226,0.24959927797317505,0.24851375818252563,0.2498064637184143,0.33861041269052466
11,3748,0.3358832054011413,0.24936693906784058,0.2491265833377838,0.24956574977841228,0.31317572535854576
212,270,0.33159104878318935,0.24927761201979592,0.2484176312049385,0.24975088841165416,0.29310598825534306
118,552,0.3300908705344794,0.2492146692238748,0.24808459281921386,0.24970907968345274,0.3145160879794268
197,283,0.2267050409221416,0.24824905395507812,0.24659305810928345,0.24914026260375977,0.22473115088102844
152,398,0.33759792222272567,0.24823940062196925,0.23728902414441108,0.2497631468966574,0.33979719321212715
119,546,0.3295311953056309,0.24775689840316772,0.2449527584016323,0.24932813413106486,0.3198769833042199
184,304,0.29917892207671876,0.23702558875083923,0.09719832241535187,0.24894337612204254,0.33082996568963935
12,3682,0.2729866390322832,0.21287992596626282,0.16362139880657198,0.23789921030402184,0.3180076454118903
17,2730,0.26128071875681574,0.17636558413505554,0.037943134456872946,0.23585641384124756,0.3113219106373154
249,201,0.2503508972009848,0.15641829371452332,0.0028797388076782227,0.24802494049072266,0.2944169469271258
92,705,0.23586207333310666,0.11722022294998169,0.017385900020599365,0.2350219604792073,0.2878225776725563
68,943,0.2756874847395375,0.062055349349975586,0.011149466037750244,0.21767199039459229,0.3364330320257992
203,276,0.21260120954953574,0.04092930816113949,0.00500556081533432,0.23647492080926893,0.2721642970717683
220,256,0.23294735146868106,0.04074135422706604,0.004249274730682373,0.24007193185389042,0.2898930839679501
24,1990,0.30889303342010865,0.026229233480989933,0.012599691736977548,0.06093083322048186,0.3826169612836455
207,273,0.21865720737070074,0.0138932466506958,0.0029445886611938477,0.17605823278427124,0.2874689091375288
34,1491,0.24890488763620705,0.013005197048187256,0.006640446186065674,0.04580029249191283,0.3197292480947926
112,593,0.24903122704363434,0.007554113864898682,0.003354419767856598,0.028642654418945312,0.33490989560961143
242,208,0.21082097390738525,0.006482541561126709,0.001899421215057373,0.21115374565124512,0.2807028787100493
3,5681,0.22066241251594146,0.005929052829742432,0.0037106484174728397,0.011977195739746094,0.2921354159844095
110,599,0.18749365211985905,0.0049697160720825195,0.0030822530388832092,0.009734039008617388,0.2882746944842098
42,1313,0.22862908025187073,0.004945278167724609,0.0028511881828308105,0.013238668441772461,0.3098055905717645
26,1882,0.1890071299521656,0.003536313772201538,0.0021401047706604004,0.006471262127161025,0.2707582073967796
97,678,0.21334604120754158,0.003066331148147583,0.002177249640226364,0.006974884122610086,0.30821391593661224
38,1370,0.20176351938410925,0.0028730928897857666,0.0016940385103225708,0.005422957241535183,0.29267599873549527
94,693,0.1884998090841418,0.0024692416191101074,0.0015871524810791016,0.005793683289084583,0.2801278712842307
27,1838,0.22018441107822298,0.00241658091545105,0.0011586539447307586,0.005986206978559494,0.2983381415012649
105,625,0.2282774233994074,0.0018894672393798828,0.0008882179856300354,0.007638548314571359,0.32292697169624224
69,933,0.14821565842508558,0.0016149282455444336,0.0011820197105407715,0.002207517623901367,0.25437565763123726
163,355,0.17800504011302878,0.0014763474464416504,0.0005916178226470948,0.0028804540634155273,0.2802459069097795
246,204,0.15132558997905945,0.0014334022998809814,0.0007997296750545502,0.00482138991355896,0.23713639845338114
205,275,0.14161609329838856,0.0014137029647827148,0.0007853507995605469,0.003369152545928955,0.23480713834117412
88,759,0.12413177489664186,0.0013609528541564941,0.0010281801223754883,0.0016003251075744629,0.23731519050603037
74,909,0.14119363223229806,0.001340031623840332,0.001043364405632019,0.0017804503440856934,0.2332964192047434
148,423,0.12398841764448193,0.0013284683227539062,0.0009208917617797852,0.002340175956487654,0.22641549192332863
154,382,0.13787735271259516,0.0012256205081939697,0.0008801288902759553,0.0018280319869518275,0.25215130930040675
206,273,0.15880617811583364,0.0012251734733581543,0.0008644461631774902,0.0018905401229858398,0.2915203892478094
128,502,0.14573180930083943,0.0011388659477233887,0.0008474588394165039,0.001873314380645752,0.2742447100912427
44,1287,0.1594239614552442,0.0010686516761779785,0.0008185863494873047,0.0014287367463111872,0.27923990259589826
95,686,0.14816131719121042,0.001057446002960205,0.0007464617490768432,0.0016609005630016322,0.25002293756720384
138,458,0.18187142712322463,0.0009781718254089355,0.0004826575517654419,0.0023817323148250568,0.26672860021000044
194,285,0.11737544527175232,0.000971674919128418,0.00067901611328125,0.001931607723236084,0.18792192404494615
47,1216,0.15297805794283417,0.0009587365493644029,0.0007288455963134766,0.0014784932136535645,0.25236322538779016
229,242,0.12572844153977758,0.0009568631649017334,0.0007058888673782349,0.0017509512603282925,0.2312383835188004
196,284,0.0968628308926295,0.0009123682975769043,0.0006684958934783936,0.001444995403289795,0.21099525838833982
147,424,0.10918824036515325,0.000891566276550293,0.0006625369191169739,0.0012816525995731352,0.23512183734850534
85,777,0.14934575081804927,0.000889122486114502,0.0007215619087219238,0.0013791322708129883,0.26115146548777385
219,259,0.14992540899084783,0.0008886367431841791,0.0005911588668823242,0.0014914870262145996,0.274563786478545
189,294,0.136087475327116,0.0008807182312011719,0.0005784034729003906,0.0019020438194274902,0.23887695696693148
156,378,0.12451942688067137,0.0008736848831176758,0.0005785226821899414,0.0015180386602878563,0.22479609921648108
106,621,0.11725571250978196,0.0008671879768371582,0.0005459189414978027,0.0012909173965454102,0.20139689214762757
165,352,0.10832282231819011,0.0008658275182824582,0.0006088197231292724,0.0013519242405891413,0.20968152422139025
82,805,0.12194260074601578,0.0008600950241088867,0.0006468892097473145,0.0011747479438781738,0.22571224544452947
79,835,0.14562982215136874,0.0008548498153686523,0.0006929636001586914,0.0011833906173706055,0.2668268128227541
199,282,0.12294175417081152,0.0008473992347717285,0.0005545549094676972,0.0015490949153900146,0.23262104323079363
190,292,0.13691562164015908,0.0008453502377960831,0.0005712807178497314,0.0013413138687610624,0.23253062995226575
200,280,0.12633809502809268,0.0008401274681091309,0.0006424576044082641,0.0014150142669677734,0.21959963602044144
111,595,0.14947711826652335,0.0008220076560974121,0.0006371140480041504,0.0012088418006896973,0.24734918298629285
65,964,0.1383679478000671,0.0008102059364318848,0.0006427884101867676,0.0011027164757251738,0.2507659368082169
66,963,0.17557707807798784,0.0007907748222351074,0.000550687313079834,0.0011102989315986626,0.29072928093809897
160,360,0.09144360523613512,0.0007578730583190918,0.0006046891212463379,0.0010206401348114014,0.2159044432731448
123,521,0.1345784881371413,0.0007445216178894043,0.0005393087863922119,0.0011578381061553952,0.21900118238536484
183,306,0.07911578418890142,0.0007281303405761719,0.0005211234092712402,0.0009722627699375152,0.21310284498502993
31,1517,0.11998043500570402,0.0007182955741882324,0.0006285309791564941,0.0008397102355957031,0.22688352979668627
54,1148,0.11274320475793831,0.0007086694240570068,0.0005782842636108398,0.0008984558284282683,0.22567221606537988
109,606,0.14130447658505782,0.0007028486288618296,0.0005070269107818604,0.0009843677282333372,0.24760736265552688
107,615,0.10111616844291481,0.0007003545761108398,0.0006030768156051636,0.000895082950592041,0.20573939094367108
15,2824,0.10859966960901606,0.0006973147392272949,0.0006338313221931457,0.0007732513186056167,0.2327492385169173
39,1349,0.1533991771225485,0.0006971359252929688,0.0005851984024047852,0.0009337306022644042,0.26941431006609134
35,1482,0.17912290028151914,0.0006856918334960938,0.0005359023809432984,0.0009756088256835938,0.2778882952834424
161,358,0.09997177604074049,0.0006856918334960938,0.0004641413688659668,0.0009033940732479094,0.22613617422532245
188,296,0.07743100890955837,0.0006651878356933594,0.0005239248275756836,0.0009778738021850586,0.18452999245528193
78,836,0.11374803551181129,0.000655829906463623,0.0005660653114318848,0.0007406473159790039,0.2223141162102962
71,923,0.17450736989704202,0.0006553530693054199,0.0004928737878799438,0.0011652112007141113,0.27895510893576597
226,246,0.09347791006888936,0.0006146132946014404,0.00045120939612388613,0.0008492723107337951,0.21857872695855896
98,670,0.15817174776889464,0.0006117820739746094,0.0004950761795043945,0.0010000377893447873,0.24655119242440757
93,705,0.08218834152183468,0.0006049871444702148,0.0005295872688293457,0.0007269978523254395,0.20526094991614624
87,764,0.09390248758505426,0.0006006956100463867,0.0004880368709564209,0.0007396414875984192,0.20858001068621868
57,1056,0.09937274999458279,0.000598609447479248,0.0005199313163757324,0.0007270172238349914,0.23244867144347028
182,307,0.1082985458547361,0.0005959272384643555,0.0004693269729614258,0.000989675521850586,0.2265486075189372
0,11452,0.10642351447005162,0.0005928874015808105,0.0005652293562889099,0.0006276965141296387,0.2241057406226944
116,571,0.11905180253732224,0.0005926548619754612,0.0004597902297973633,0.0007247328758239746,0.24435738402562276
143,436,0.06087167495130048,0.0005919337272644043,0.0004626229405403137,0.0007130801677703857,0.16671656537996177
56,1126,0.12836456295981066,0.0005913376808166504,0.0004917815327644348,0.0007895067334175109,0.22265625137279582
167,346,0.1534734982389868,0.0005802512168884277,0.00035381317138671875,0.0014651358127593973,0.25031044808029496
222,254,0.09706342908291157,0.000569075345993042,0.00045293569564819336,0.0010189339518547054,0.19996983349762523
124,515,0.08453359410315933,0.0005684494972229004,0.0004509091377258301,0.0007082223892211914,0.17627583669849659
102,640,0.06685946770203373,0.0005519986152648926,0.0005035400390625,0.0006695955991744994,0.19194205330087857
5,4439,0.1304042825697197,0.0005512833595275879,0.0004949569702148438,0.0006061792373657227,0.25651893020399585
140,451,0.12201396994699415,0.0005341172218322754,0.0004292815923690796,0.0007298588752746582,0.24045811305955678
51,1186,0.06379180876638278,0.0005309581756591797,0.0004538893699645996,0.0006107687950134277,0.18046261193336643
19,2496,0.16835794927163614,0.0005233883857727051,0.0004383847117424011,0.000681161880493164,0.2624121626198162
204,275,0.08260323131922633,0.000522315502166748,0.00039821863174438477,0.0006425976753234863,0.18013493698346494
233,230,0.11355121483641636,0.0005093812942504883,0.00037854909896850586,0.0008976019918918609,0.23357274458342234
132,476,0.10802376779907763,0.0005075931549072266,0.0003833770751953125,0.0006858333945274352,0.2251082351134064
103,629,0.09497139241609505,0.0004998445510864258,0.00040584802627563477,0.0006734132766723633,0.20975460421924189
176,319,0.10079535169898807,0.000496983528137207,0.0003800392150878906,0.0007324814796447754,0.20449064807559
178,319,0.08093796955362446,0.0004819631576538086,0.0003770589828491211,0.0005795955657958984,0.19189091401257236
2,7024,0.10302667351650656,0.0004786252975463867,0.00044708698987960815,0.0005095383385196328,0.20975653950165266
29,1636,0.09995744447101093,0.00047725439071655273,0.0004313468933105469,0.000535428524017334,0.23651770094658484
127,504,0.08876626587493414,0.00047653913497924805,0.0003973335027694702,0.0005891323089599609,0.18705979588592275
13,3226,0.09978982843196303,0.0004730224609375,0.00042706727981567383,0.0005375787615776062,0.19743428192706988
164,352,0.08173903112277582,0.0004725456237792969,0.000370025634765625,0.0006314054131507874,0.2164026196957834
173,327,0.09401248748725194,0.0004698038101196289,0.00038790851831436155,0.000661313533782959,0.2225593169886441
91,707,0.10277068258890612,0.00046622753143310547,0.0003561973571777344,0.0005635619163513184,0.18861505166402343
50,1197,0.11022151696732335,0.0004646778106689453,0.00039273500442504883,0.000549428966769483,0.2383835062318687
139,452,0.09650681424128515,0.00046312808990478516,0.00036263465881347656,0.0006342619657516477,0.20045709113874474
62,1005,0.08051869716971362,0.0004628896713256836,0.00039762258529663086,0.00054665207862854,0.20762132163750482
134,475,0.06976937456087111,0.0004590749740600586,0.00038939714431762695,0.0005415707826614378,0.20561915333554173
135,472,0.08486390256013877,0.0004475712776184082,0.0003606885671615601,0.00060272216796875,0.1681685953175789
21,2144,0.09216940988513236,0.0004470944404602051,0.00040203332901000977,0.0005011215806007385,0.19482467194359113
40,1319,0.07404113940516982,0.00042814016342163086,0.0003446340560913086,0.0005276799201965332,0.19797269556041794
180,314,0.1046402090032875,0.0004171133041381836,0.0003287792205810547,0.0005187392234802246,0.2256911469857693
86,775,0.08820789268463775,0.0004157423973083496,0.0003443777561187744,0.0005086839199066161,0.1843780343587346
133,475,0.0987794033370569,0.0004113316535949707,0.00031802356243133546,0.0005848407745361328,0.18993102503105394
60,1034,0.07898209688656876,0.0004107356071472168,0.00035065412521362305,0.00048732757568359375,0.18683922863773444
43,1310,0.08732219624287761,0.00040733814239501953,0.00035353749990463257,0.0004744574427604674,0.193446832245222
8,4259,0.06454142216387558,0.00040477514266967773,0.00038123130798339844,0.0004284977912902832,0.17626796524516652
53,1163,0.0839263744172571,0.0004032254219055176,0.0003437995910644531,0.00047457218170166016,0.19223064818517888
113,589,0.08616504392729252,0.00039893388748168945,0.0003453493118286133,0.0005034208297729492,0.18297826847575416
216,266,0.08443655016638611,0.00039374828338623047,0.00031876564025878906,0.0005176067352294922,0.18728091654418455
41,1314,0.077051683443069,0.00038880109786987305,0.00034248828887939453,0.000454934686422348,0.17019605567711632
162,356,0.0724881883858431,0.0003885626792907715,0.00033485889434814453,0.00042904168367385864,0.1756310783237858
223,252,0.06488614581850549,0.00038555264472961426,0.00034165382385253906,0.0005175769329071045,0.16159960083399738
89,744,0.07615704454503665,0.0003840327262878418,0.0003533363342285156,0.0004513263702392578,0.17708816090863877
248,201,0.10286869151167055,0.0003838539123535156,0.0003033876419067383,0.0006185770034790039,0.20941356371042158
158,366,0.08486365110109576,0.0003782510757446289,0.00030612945556640625,0.000494055449962616,0.16652784502067444
18,2581,0.0954996577984113,0.00037276744842529297,0.0003434419631958008,0.0004075169563293457,0.2145569978742629
208,272,0.06756202276600935,0.0003719329833984375,0.0003075599670410156,0.00046950578689575195,0.1701798666132595
16,2809,0.09705968360966777,0.0003693103790283203,0.0003422170877456665,0.00039812028408050534,0.19335364363389076
145,434,0.07372109378953057,0.0003666877746582031,0.0003233999013900757,0.000451381504535675,0.1868576924782497
61,1021,0.056367505219338344,0.00036537647247314453,0.0003298521041870117,0.0004100620746612548,0.1718178263364951
172,339,0.07395701192343088,0.0003600120544433594,0.00026673078536987305,0.0004596710205078125,0.17422081620202196
32,1493,0.06317200579734149,0.0003567934036254883,0.0003294944763183594,0.0003877401351928711,0.17236500390333293
30,1614,0.08051843671338589,0.0003555417060852051,0.00031947195529937746,0.00038293302059173585,0.1953953364523758
192,289,0.036830908201947475,0.0003514289855957031,0.0002828240394592285,0.00042443871498107897,0.11123600765752807
171,340,0.07235557781926165,0.0003485679626464844,0.0003126859664916992,0.000422060489654541,0.19565093672082728
235,230,0.0699543541657951,0.00034630298614501953,0.00025457143783569336,0.0004577614367008207,0.15795859140628313
231,236,0.04787295711447753,0.00034624338150024414,0.0002801969647407532,0.00044971704483032227,0.15524034420797397
236,224,0.05099815137912499,0.00034481287002563477,0.0002530813217163086,0.00039526522159576415,0.14515383905580595
64,995,0.06854960236937654,0.0003447532653808594,0.00030945539474487306,0.00039845705032348633,0.17564180627200734
1,7203,0.06876551473899672,0.00034165382385253906,0.0003299713134765625,0.00036025047302246094,0.1801969257093799
20,2401,0.05631348828021876,0.0003415346145629883,0.0003248453140258789,0.00036513805389404297,0.17575919331906348
125,512,0.08932998436768003,0.00034046173095703125,0.0002911686897277832,0.0003930240869522094,0.19164708877762682
221,256,0.08788184780371466,0.0003337264060974121,0.00028139352798461914,0.00045162439346313477,0.22281934727535868
186,301,0.08550488497422579,0.0003333091735839844,0.00027447938919067383,0.00043278932571411133,0.19023261101675143
153,383,0.06968043966269893,0.0003333091735839844,0.00026722252368927,0.0004330277442932129,0.16489354040785614
90,719,0.07875052967701954,0.0003325939178466797,0.0003008842468261719,0.00038361549377441406,0.19522525989702574
169,344,0.08115796168449167,0.0003306269645690918,0.00029187947511672975,0.00039446651935577394,0.17296933215310503
100,655,0.06485342779667792,0.00032913684844970703,0.0002772212028503418,0.0003708869218826294,0.1893430763994431
120,541,0.06603790437669257,0.00032889842987060547,0.000270417332649231,0.0003723829984664916,0.17012580750008954
70,927,0.08174909703766811,0.0003275871276855469,0.00028640031814575195,0.0003783702850341797,0.1875729554835252
96,685,0.1431235779130561,0.00032699108123779297,0.00023943185806274414,0.0005314111709594724,0.21362198323305523
81,819,0.08427639125058994,0.00031936168670654297,0.00027033218066208065,0.00040453672409057617,0.18848112691471422
181,307,0.0756206444389921,0.00031256675720214844,0.00024443864822387695,0.00038235038518905627,0.1828383535702105
230,239,0.07425838150035309,0.0003070831298828125,0.00023597478866577148,0.0003714561462402344,0.17745376893644954
155,381,0.12720721903082297,0.0003066062927246094,0.00025707483291625977,0.00042307904514018443,0.2078468291766947
33,1491,0.07192730998167066,0.00030612945556640625,0.00028198957443237305,0.00033986568450927734,0.1877636942282087
175,320,0.08604090553244532,0.00030541419982910156,0.00026195645332336424,0.0003578782081604003,0.19095451422828133
193,285,0.07859937719124566,0.00030481815338134766,0.00025719404220581055,0.00038504600524902344,0.192922934600697
73,911,0.05907797557432803,0.0003046989440917969,0.00028651952743530273,0.00034999847412109375,0.16178109042397684
213,268,0.057452388754088014,0.0003044009208679199,0.0002709031105041504,0.0003613844513893127,0.167081929915812
14,2959,0.05615140775888181,0.0003000497817993164,0.00028779804706573485,0.0003160238265991211,0.17449845126458824
187,297,0.03513779002633761,0.00029712915420532227,0.00026553869247436523,0.0003273487091064453,0.13861701371126275
228,245,0.04224488888534584,0.0002924799919128418,0.0002567172050476074,0.0003733634948730469,0.1581346642015502
84,803,0.06843609045835425,0.000291287899017334,0.0002555251121520996,0.00034165382385253906,0.16814254861551303
77,853,0.0830860708873526,0.0002899765968322754,0.0002581477165222168,0.0003279447555541992,0.17567855944578958
108,610,0.07126797818362648,0.0002899169921875,0.000250399112701416,0.00032007694244384766,0.18378807223879137
129,497,0.05120527923287626,0.000287473201751709,0.00026220083236694336,0.00032532215118408203,0.13548421049171852
225,248,0.16094672183551725,0.0002866983413696289,0.00022917985916137695,0.00048812329769134513,0.26991414220095594
6,4390,0.07563167558049856,0.00028628110885620117,0.0002731153610511683,0.0003045201301574707,0.18743350764146563
166,349,0.06637931479952354,0.0002854466438293457,0.00024276971817016602,0.0003545284271240231,0.16528253883982486
117,566,0.07033758294581874,0.0002842545509338379,0.0002568930387496948,0.0003497004508972168,0.15645103111410016
122,534,0.06483318231908748,0.00028336048126220703,0.0002515256404876709,0.0003398150205612182,0.17272396397878562
104,626,0.0557243582224823,0.00028121471405029297,0.00025779008865356445,0.0003232374787330627,0.1732733956172135
179,317,0.04440211569607604,0.0002792477607727051,0.0002478957176208496,0.00032210350036621094,0.15435827129035343
243,206,0.08175319185660185,0.00027179718017578125,0.00021857023239135742,0.0003535747528076172,0.18874452300791716
159,361,0.07695131403345026,0.00027114152908325195,0.00022858381271362305,0.0003485679626464844,0.17829903597000377
239,218,0.10145032712037583,0.00026917457580566406,0.00022274255752563477,0.0004678964614868164,0.20890850761344135
168,344,0.03372203026472477,0.00026810169219970703,0.00023096799850463867,0.0003068506717681885,0.11964556524422341
23,2059,0.05551672047471122,0.00026792287826538086,0.0002531379461288452,0.0002882033586502075,0.1593107529291196
174,322,0.047182179854022954,0.00026726722717285156,0.0002309441566467285,0.00032913684844970703,0.16827669488229502
137,462,0.06270685852117215,0.0002669095993041992,0.00023207366466522218,0.00031769275665283203,0.16899428882725057
36,1390,0.050883387713990404,0.0002582073211669922,0.00023996829986572266,0.0002754330635070801,0.15022438573302754
217,264,0.061127981411779976,0.00024825334548950195,0.00022101402282714844,0.0002771049737930298,0.19299316018799523
232,235,0.04917839675345408,0.00024265050888061523,0.00020164251327514648,0.00031697750091552734,0.1296781555753762
150,404,0.09463366402676479,0.00023704767227172852,0.00020944923162460327,0.00026506781578063967,0.20349918936983055
157,367,0.040177291642753306,0.00023490190505981445,0.0002116560935974121,0.00028842687606811523,0.14016664902220752
55,1128,0.05442884402736713,0.0002340078353881836,0.00021666288375854492,0.00025696456432342527,0.16080110075342655
49,1213,0.07961627149824203,0.00023239850997924805,0.00021654367446899414,0.00025194883346557617,0.18854508935893158
63,1000,0.046349792009801605,0.00023162364959716797,0.00021964311599731445,0.0002527952194213867,0.15178614216604927
144,434,0.06547295433844114,0.00022774934768676758,0.00020056962966918945,0.00025850534439086914,0.17365468316385635
224,251,0.11398099349666502,0.00022488832473754883,0.00017577409744262695,0.0002676844596862793,0.217058790976008
227,246,0.07469354833621054,0.00022470951080322266,0.00020241737365722656,0.0002685621380805969,0.1785018667047067
99,662,0.05851600250638803,0.00022226572036743164,0.00020664036273956298,0.0002445295453071594,0.1670407895054837
185,302,0.02542915930956084,0.00022208690643310547,0.00020712614059448242,0.0002562433481216431,0.10918461441991133
25,1979,0.03452895923740063,0.00022011995315551758,0.0002098679542541504,0.0002333521842956543,0.13888267083569011
72,911,0.05746135383476153,0.00021535158157348633,0.00019937753677368164,0.0002490907907485962,0.16281618547234636
247,204,0.06002142320971424,0.00021529197692871094,0.00019103288650512695,0.0002524256706237793,0.18509463444930946
130,480,0.03104267853341298,0.00020879507064819336,0.00019627809524536133,0.00022929906845092773,0.13563753671769818
76,876,0.06491892606322108,0.00020271539688110352,0.00018864870071411133,0.0002173781394958496,0.16728433260914993
131,477,0.06877812658981088,0.00020056962966918945,0.0001837611198425293,0.00021821260452270508,0.16946747235959933
10,3952,0.04650744889377423,0.0002003312110900879,0.00019478648900985717,0.0002062976360321045,0.15272814304979115
48,1214,0.047332216251371184,0.00019997358322143555,0.0001900792121887207,0.00021761655807495117,0.13772680227438883
142,447,0.06481502221449814,0.00019890069961547852,0.00018793344497680664,0.00021523237228393555,0.17668971944143075
28,1810,0.03725484765692066,0.00019365549087524414,0.00018649995326995849,0.00020128488540649414,0.1451154885754389
245,204,0.015519697514166325,0.00019019842147827148,0.00017308369278907777,0.0002173379063606262,0.09199353326062118
114,581,0.031065254354728834,0.0001888871192932129,0.0001774430274963379,0.00021523237228393555,0.11343596672132805
214,268,0.02476588345077167,0.0001869797706604004,0.00016999244689941406,0.0002152368426322937,0.09054339480356252
191,291,0.009015482667198683,0.00018578767776489258,0.00017899274826049805,0.0001913905143737793,0.07302374231135515
146,427,0.11819945520753274,0.0001837611198425293,0.00015983879566192627,0.0002148747444152832,0.22617952935083457
211,271,0.013014367695664128,0.0001805424690246582,0.00017338991165161133,0.00018841028213500977,0.06983437223529693
202,279,0.05757380038418258,0.0001780390739440918,0.00016260147094726562,0.00019234418869018555,0.1553400449255913
121,535,0.03630592699677283,0.00017791986465454102,0.00016891956329345703,0.00018733739852905273,0.12304564974443304
209,272,0.10334965270393535,0.00017684698104858398,0.0001595601439476013,0.00021797418594360352,0.20053480475552185
22,2094,0.04496862473148914,0.00017571449279785156,0.0001704663038253784,0.00018221437931060792,0.1501445485876055
67,950,0.05073754667237058,0.00017523765563964844,0.00016683340072631836,0.00018662512302398683,0.1366921633282466
238,218,0.0701479774209833,0.00017315149307250977,0.00015628039836883544,0.00019484907388687134,0.1463999411561052
80,829,0.062444739146085074,0.0001723766326904297,0.00016427040100097656,0.0001837611198425293,0.17260641441543156
241,210,0.029156519426032902,0.00017142295837402344,0.00015652179718017578,0.00019431114196777344,0.10819779258986321
237,220,0.0632958281875207,0.00017058849334716797,0.00015401840209960938,0.00019341707229614258,0.185409233677862
75,908,0.04175190957421004,0.00016897916793823242,0.00015968084335327148,0.00017798990011215208,0.15359308125711066
46,1257,0.0686036300022086,0.00016820430755615234,0.00015985965728759766,0.00017660856246948242,0.19081914419974433
59,1049,0.07829789340640778,0.00016379356384277344,0.00015592575073242188,0.00017374753952026367,0.1937783755378466
201,279,0.019088337818781536,0.00016176700592041016,0.0001500844955444336,0.00017338991165161133,0.08152191871923212
244,205,0.024705370306321306,0.00015997886657714844,0.00014841556549072266,0.0001794755458831787,0.10713606574206885
7,4293,0.053976687349889356,0.00015854835510253906,0.00015616416931152344,0.00016188621520996094,0.15595088538692456
141,450,0.032949051277505026,0.0001583695411682129,0.00014829635620117188,0.00017058849334716797,0.10440679929314185
9,4247,0.04078351051465167,0.00015687942504882812,0.00015437602996826172,0.0001593858003616333,0.13551097069209533
170,341,0.03891038042807247,0.00015306472778320312,0.0001480579376220703,0.0001646280288696289,0.12117240558350152
4,5130,0.04938912703120104,0.00015121698379516602,0.00014901161193847656,0.00015396028757095337,0.15794842864170422
240,212,0.021820050962011214,0.00014793872833251953,0.0001404285430908203,0.0001583099365234375,0.09146838943080804
58,1049,0.09270540951131974,0.0001475811004638672,0.00014162063598632812,0.00015497207641601562,0.19305164997242763
210,271,0.0034583402295834025,0.00014698505401611328,0.00014221668243408203,0.00015401840209960938,0.02639878057363883
177,319,0.010557845006601996,0.0001424551010131836,0.0001392364501953125,0.00014901161193847656,0.06228376599455088
149,407,0.01926241797785199,0.0001418590545654297,0.00013840198516845703,0.00014460086822509766,0.08502579607589589
215,266,0.010472997014683889,0.0001392364501953125,0.00013780593872070312,0.00014132410287857056,0.04981324273675924
198,282,0.016996098325607625,0.0001386404037475586,0.00013720989227294922,0.00013995319604873658,0.06269860501084783
37,1385,0.039396922047386984,0.00013756752014160156,0.00013589859008789062,0.00013900101184844972,0.13724378542755328
115,575,0.046683420091260065,0.0001361370086669922,0.0001329183578491211,0.0001399517059326172,0.14173210360529526
52,1173,0.03651738299959727,0.0001347064971923828,0.00013196468353271484,0.0001373291015625,0.14228395964666066
101,644,0.01944431494019408,0.00012934207916259766,0.00012826919555664062,0.0001304149627685547,0.08681914728982236
151,401,0.024033594261065237,0.00012362003326416016,0.0001232624053955078,0.00012445449829101562,0.1023442416108603
