topic,n,mean,median
0,11452,0.10642351447005162,0.0005928874015808105
1,7203,0.06876551473899672,0.00034165382385253906
2,7024,0.10302667351650656,0.0004786252975463867
3,5681,0.22066241251594146,0.005929052829742432
4,5130,0.04938912703120104,0.00015121698379516602
5,4439,0.1304042825697197,0.0005512833595275879
6,4390,0.07563167558049856,0.00028628110885620117
7,4293,0.053976687349889356,0.00015854835510253906
8,4259,0.06454142216387558,0.00040477514266967773
9,4247,0.04078351051465167,0.00015687942504882812
10,3952,0.04650744889377423,0.0002003312110900879
11,3748,0.3358832054011413,0.24936693906784058
12,3682,0.2729866390322832,0.21287992596626282
13,3226,0.09978982843196303,0.0004730224609375
14,2959,0.05615140775888181,0.0003000497817993164
15,2824,0.10859966960901606,0.0006973147392272949
16,2809,0.09705968360966777,0.0003693103790283203
17,2730,0.26128071875681574,0.17636558413505554
18,2581,0.0954996577984113,0.00037276744842529297
19,2496,0.16835794927163614,0.0005233883857727051
20,2401,0.05631348828021876,0.0003415346145629883
21,2144,0.09216940988513236,0.0004470944404602051
22,2094,0.04496862473148914,0.00017571449279785156
23,2059,0.05551672047471122,0.00026792287826538086
24,1990,0.30889303342010865,0.026229233480989933
25,1979,0.03452895923740063,0.00022011995315551758
26,1882,0.1890071299521656,0.003536313772201538
27,1838,0.22018441107822298,0.00241658091545105
28,1810,0.03725484765692066,0.00019365549087524414
29,1636,0.09995744447101093,0.00047725439071655273
30,1614,0.08051843671338589,0.0003555417060852051
31,1517,0.11998043500570402,0.0007182955741882324
32,1493,0.06317200579734149,0.0003567934036254883
33,1491,0.07192730998167066,0.00030612945556640625
34,1491,0.24890488763620705,0.013005197048187256
35,1482,0.17912290028151914,0.0006856918334960938
36,1390,0.050883387713990404,0.0002582073211669922
37,1385,0.039396922047386984,0.00013756752014160156
38,1370,0.20176351938410925,0.0028730928897857666
39,1349,0.1533991771225485,0.0006971359252929688
40,1319,0.07404113940516982,0.00042814016342163086
41,1314,0.077051683443069,0.00038880109786987305
42,1313,0.22862908025187073,0.004945278167724609
43,1310,0.08732219624287761,0.00040733814239501953
44,1287,0.1594239614552442,0.0010686516761779785
45,1280,0.43652273031658523,0.49362796545028687
46,1257,0.0686036300022086,0.00016820430755615234
47,1216,0.15297805794283417,0.0009587365493644029
48,1214,0.047332216251371184,0.00019997358322143555
49,1213,0.07961627149824203,0.00023239850997924805
50,1197,0.11022151696732335,0.0004646778106689453
51,1186,0.06379180876638278,0.0005309581756591797
52,1173,0.03651738299959727,0.0001347064971923828
53,1163,0.0839263744172571,0.0004032254219055176
54,1148,0.11274320475793831,0.0007086694240570068
55,1128,0.05442884402736713,0.0002340078353881836
56,1126,0.12836456295981066,0.0005913376808166504
57,1056,0.09937274999458279,0.000598609447479248
58,1049,0.09270540951131974,0.0001475811004638672
59,1049,0.07829789340640778,0.00016379356384277344
60,1034,0.07898209688656876,0.0004107356071472168
61,1021,0.056367505219338344,0.00036537647247314453
62,1005,0.08051869716971362,0.0004628896713256836
63,1000,0.046349792009801605,0.00023162364959716797
64,995,0.06854960236937654,0.0003447532653808594
65,964,0.1383679478000671,0.0008102059364318848
66,963,0.17557707807798784,0.0007907748222351074
67,950,0.05073754667237058,0.00017523765563964844
68,943,0.2756874847395375,0.062055349349975586
69,933,0.14821565842508558,0.0016149282455444336
70,927,0.08174909703766811,0.0003275871276855469
71,923,0.17450736989704202,0.0006553530693054199
72,911,0.05746135383476153,0.00021535158157348633
73,911,0.05907797557432803,0.0003046989440917969
74,909,0.14119363223229806,0.001340031623840332
75,908,0.04175190957421004,0.00016897916793823242
76,876,0.06491892606322108,0.00020271539688110352
77,853,0.0830860708873526,0.0002899765968322754
78,836,0.11374803551181129,0.000655829906463623
79,835,0.14562982215136874,0.0008548498153686523
80,829,0.062444739146085074,0.0001723766326904297
81,819,0.08427639125058994,0.00031936168670654297
82,805,0.12194260074601578,0.0008600950241088867
83,803,0.4106748273744514,0.47368548810482025
84,803,0.06843609045835425,0.000291287899017334
85,777,0.14934575081804927,0.000889122486114502
86,775,0.08820789268463775,0.0004157423973083496
87,764,0.09390248758505426,0.0006006956100463867
88,759,0.12413177489664186,0.0013609528541564941
89,744,0.07615704454503665,0.0003840327262878418
90,719,0.07875052967701954,0.0003325939178466797
91,707,0.10277068258890612,0.00046622753143310547
92,705,0.23586207333310666,0.11722022294998169
93,705,0.08218834152183468,0.0006049871444702148
94,693,0.1884998090841418,0.0024692416191101074
95,686,0.14816131719121042,0.001057446002960205
96,685,0.1431235779130561,0.00032699108123779297
97,678,0.21334604120754158,0.003066331148147583
98,670,0.15817174776889464,0.0006117820739746094
99,662,0.05851600250638803,0.00022226572036743164
100,655,0.06485342779667792,0.00032913684844970703
101,644,0.01944431494019408,0.00012934207916259766
102,640,0.06685946770203373,0.0005519986152648926
103,629,0.09497139241609505,0.0004998445510864258
104,626,0.0557243582224823,0.00028121471405029297
105,625,0.2282774233994074,0.0018894672393798828
106,621,0.11725571250978196,0.0008671879768371582
107,615,0.10111616844291481,0.0007003545761108398
108,610,0.07126797818362648,0.0002899169921875
109,606,0.14130447658505782,0.0007028486288618296
110,599,0.18749365211985905,0.0049697160720825195
111,595,0.14947711826652335,0.0008220076560974121
112,593,0.24903122704363434,0.007554113864898682
113,589,0.08616504392729252,0.00039893388748168945
114,581,0.031065254354728834,0.0001888871192932129
115,575,0.046683420091260065,0.0001361370086669922
116,571,0.11905180253732224,0.0005926548619754612
117,566,0.07033758294581874,0.0002842545509338379
118,552,0.3300908705344794,0.2492146692238748
119,546,0.3295311953056309,0.24775689840316772
120,541,0.06603790437669257,0.00032889842987060547
121,535,0.03630592699677283,0.00017791986465454102
122,534,0.06483318231908748,0.00028336048126220703
123,521,0.1345784881371413,0.0007445216178894043
124,515,0.08453359410315933,0.0005684494972229004
125,512,0.08932998436768003,0.00034046173095703125
126,507,0.41436258791814995,0.4943800331093371
127,504,0.08876626587493414,0.00047653913497924805
128,502,0.14573180930083943,0.0011388659477233887
129,497,0.05120527923287626,0.000287473201751709
130,480,0.03104267853341298,0.00020879507064819336
131,477,0.06877812658981088,0.00020056962966918945
132,476,0.10802376779907763,0.0005075931549072266
133,475,0.0987794033370569,0.0004113316535949707
134,475,0.06976937456087111,0.0004590749740600586
135,472,0.08486390256013877,0.0004475712776184082
136,469,0.3597264412363226,0.24959927797317505
137,462,0.06270685852117215,0.0002669095993041992
138,458,0.18187142712322463,0.0009781718254089355
139,452,0.09650681424128515,0.00046312808990478516
140,451,0.12201396994699415,0.0005341172218322754
141,450,0.032949051277505026,0.0001583695411682129
142,447,0.06481502221449814,0.00019890069961547852
143,436,0.06087167495130048,0.0005919337272644043
144,434,0.06547295433844114,0.00022774934768676758
145,434,0.07372109378953057,0.0003666877746582031
146,427,0.11819945520753274,0.0001837611198425293
147,424,0.10918824036515325,0.000891566276550293
148,423,0.12398841764448193,0.0013284683227539062
149,407,0.01926241797785199,0.0001418590545654297
150,404,0.09463366402676479,0.00023704767227172852
151,401,0.024033594261065237,0.00012362003326416016
152,398,0.33759792222272567,0.24823940062196925
153,383,0.06968043966269893,0.0003333091735839844
154,382,0.13787735271259516,0.0012256205081939697
155,381,0.12720721903082297,0.0003066062927246094
156,378,0.12451942688067137,0.0008736848831176758
157,367,0.040177291642753306,0.00023490190505981445
158,366,0.08486365110109576,0.0003782510757446289
159,361,0.07695131403345026,0.00027114152908325195
160,360,0.09144360523613512,0.0007578730583190918
161,358,0.09997177604074049,0.0006856918334960938
162,356,0.0724881883858431,0.0003885626792907715
163,355,0.17800504011302878,0.0014763474464416504
164,352,0.08173903112277582,0.0004725456237792969
165,352,0.10832282231819011,0.0008658275182824582
166,349,0.06637931479952354,0.0002854466438293457
167,346,0.1534734982389868,0.0005802512168884277
168,344,0.03372203026472477,0.00026810169219970703
169,344,0.08115796168449167,0.0003306269645690918
170,341,0.03891038042807247,0.00015306472778320312
171,340,0.07235557781926165,0.0003485679626464844
172,339,0.07395701192343088,0.0003600120544433594
173,327,0.09401248748725194,0.0004698038101196289
174,322,0.047182179854022954,0.00026726722717285156
175,320,0.08604090553244532,0.00030541419982910156
176,319,0.10079535169898807,0.000496983528137207
177,319,0.010557845006601996,0.0001424551010131836
178,319,0.08093796955362446,0.0004819631576538086
179,317,0.04440211569607604,0.0002792477607727051
180,314,0.1046402090032875,0.0004171133041381836
181,307,0.0756206444389921,0.00031256675720214844
182,307,0.1082985458547361,0.0005959272384643555
183,306,0.07911578418890142,0.0007281303405761719
184,304,0.29917892207671876,0.23702558875083923
185,302,0.02542915930956084,0.00022208690643310547
186,301,0.08550488497422579,0.0003333091735839844
187,297,0.03513779002633761,0.00029712915420532227
188,296,0.07743100890955837,0.0006651878356933594
189,294,0.136087475327116,0.0008807182312011719
190,292,0.13691562164015908,0.0008453502377960831
191,291,0.009015482667198683,0.00018578767776489258
192,289,0.036830908201947475,0.0003514289855957031
193,285,0.07859937719124566,0.00030481815338134766
194,285,0.11737544527175232,0.000971674919128418
195,284,0.39906329601207047,0.24985802173614502
196,284,0.0968628308926295,0.0009123682975769043
197,283,0.2267050409221416,0.24824905395507812
198,282,0.016996098325607625,0.0001386404037475586
199,282,0.12294175417081152,0.0008473992347717285
200,280,0.12633809502809268,0.0008401274681091309
201,279,0.019088337818781536,0.00016176700592041016
202,279,0.05757380038418258,0.0001780390739440918
203,276,0.21260120954953574,0.04092930816113949
204,275,0.08260323131922633,0.000522315502166748
205,275,0.14161609329838856,0.0014137029647827148
206,273,0.15880617811583364,0.0012251734733581543
207,273,0.21865720737070074,0.0138932466506958
208,272,0.06756202276600935,0.0003719329833984375
209,272,0.10334965270393535,0.00017684698104858398
210,271,0.0034583402295834025,0.00014698505401611328
211,271,0.013014367695664128,0.0001805424690246582
212,270,0.33159104878318935,0.24927761201979592
213,268,0.057452388754088014,0.0003044009208679199
214,268,0.02476588345077167,0.0001869797706604004
215,266,0.010472997014683889,0.0001392364501953125
216,266,0.08443655016638611,0.00039374828338623047
217,264,0.061127981411779976,0.00024825334548950195
218,263,0.3579765380174386,0.24974316358566284
219,259,0.14992540899084783,0.0008886367431841791
220,256,0.23294735146868106,0.04074135422706604
221,256,0.08788184780371466,0.0003337264060974121
222,254,0.09706342908291157,0.000569075345993042
223,252,0.06488614581850549,0.00038555264472961426
224,251,0.11398099349666502,0.00022488832473754883
225,248,0.16094672183551725,0.0002866983413696289
226,246,0.09347791006888936,0.0006146132946014404
227,246,0.07469354833621054,0.00022470951080322266
228,245,0.04224488888534584,0.0002924799919128418
229,242,0.12572844153977758,0.0009568631649017334
230,239,0.07425838150035309,0.0003070831298828125
231,236,0.04787295711447753,0.00034624338150024414
232,235,0.04917839675345408,0.00024265050888061523
233,230,0.11355121483641636,0.0005093812942504883
234,230,0.37515970371769863,0.2777715027332306
235,230,0.0699543541657951,0.00034630298614501953
236,224,0.05099815137912499,0.00034481287002563477
237,220,0.0632958281875207,0.00017058849334716797
238,218,0.0701479774209833,0.00017315149307250977
239,218,0.10145032712037583,0.00026917457580566406
240,212,0.021820050962011214,0.00014793872833251953
241,210,0.029156519426032902,0.00017142295837402344
242,208,0.21082097390738525,0.006482541561126709
243,206,0.08175319185660185,0.00027179718017578125
244,205,0.024705370306321306,0.00015997886657714844
245,204,0.015519697514166325,0.00019019842147827148
246,204,0.15132558997905945,0.0014334022998809814
247,204,0.06002142320971424,0.00021529197692871094
248,201,0.10286869151167055,0.0003838539123535156
249,201,0.2503508972009848,0.15641829371452332
