Parent_ID,Parent_Name,Topics,Child_Left_ID,Child_Left_Name,Child_Right_ID,Child_Right_Name,Distance
498,course_great_good_learning_python,"[0, 1, 2, 3, 4, 5, 6, 7, 8, 9, 10, 11, 12, 13, 14, 15, 16, 17, 18, 19, 20, 21, 22, 23, 24, 25, 26, 27, 28, 29, 30, 31, 32, 33, 34, 35, 36, 37, 38, 39, 40, 41, 42, 43, 44, 45, 46, 47, 48, 49, 50, 51, 52, 53, 54, 55, 56, 57, 58, 59, 60, 61, 62, 63, 64, 65, 66, 67, 68, 69, 70, 71, 72, 73, 74, 75, 76, 77, 78, 79, 80, 81, 82, 83, 84, 85, 86, 87, 88, 89, 90, 91, 92, 93, 94, 95, 96, 97, 98, 99, 100, 101, 102, 103, 104, 105, 106, 107, 108, 109, 110, 111, 112, 113, 114, 115, 116, 117, 118, 119, 120, 121, 122, 123, 124, 125, 126, 127, 128, 129, 130, 131, 132, 133, 134, 135, 136, 137, 138, 139, 140, 141, 142, 143, 144, 145, 146, 147, 148, 149, 150, 151, 152, 153, 154, 155, 156, 157, 158, 159, 160, 161, 162, 163, 164, 165, 166, 167, 168, 169, 170, 171, 172, 173, 174, 175, 176, 177, 178, 179, 180, 181, 182, 183, 184, 185, 186, 187, 188, 189, 190, 191, 192, 193, 194, 195, 196, 197, 198, 199, 200, 201, 202, 203, 204, 205, 206, 207, 208, 209, 210, 211, 212, 213, 214, 215, 216, 217, 218, 219, 220, 221, 222, 223, 224, 225, 226, 227, 228, 229, 230, 231, 232, 233, 234, 235, 236, 237, 238, 239, 240, 241, 242, 243, 244, 245, 246, 247, 248, 249]",496,python_programming_data_machine_machine learning,497,course_great_excel_thank_professor,1.9300541046816078
497,course_great_excel_thank_professor,"[4, 6, 7, 9, 10, 13, 18, 20, 21, 23, 25, 30, 31, 32, 33, 35, 36, 37, 40, 41, 43, 44, 46, 47, 48, 49, 50, 51, 52, 53, 54, 55, 58, 59, 60, 61, 62, 63, 64, 67, 70, 72, 73, 74, 76, 77, 78, 79, 80, 81, 82, 84, 85, 86, 87, 90, 91, 93, 96, 97, 98, 99, 100, 101, 103, 104, 106, 107, 108, 109, 111, 114, 115, 117, 120, 121, 122, 123, 124, 125, 127, 129, 130, 131, 132, 133, 134, 135, 137, 139, 140, 141, 142, 143, 144, 145, 146, 148, 149, 150, 151, 153, 155, 156, 157, 158, 159, 160, 161, 162, 164, 165, 166, 167, 168, 169, 170, 171, 172, 173, 175, 176, 177, 178, 179, 180, 181, 182, 183, 185, 186, 187, 188, 189, 190, 191, 192, 193, 194, 195, 196, 198, 200, 201, 202, 204, 205, 206, 208, 209, 210, 211, 213, 214, 215, 217, 219, 223, 224, 225, 226, 227, 228, 230, 231, 232, 233, 235, 236, 237, 238, 239, 240, 241, 243, 244, 245, 246, 247, 248, 249]",489,course thank_learned lot_learned_lot_thank,494,course_excel_great_professor_coursera,1.8911755612714611
496,python_programming_data_machine_machine learning,"[0, 1, 2, 3, 5, 8, 11, 12, 14, 15, 16, 17, 19, 22, 24, 26, 27, 28, 29, 34, 38, 39, 42, 45, 56, 57, 65, 66, 68, 69, 71, 75, 83, 88, 89, 92, 94, 95, 102, 105, 110, 112, 113, 116, 118, 119, 126, 128, 136, 138, 147, 152, 154, 163, 174, 184, 197, 199, 203, 207, 212, 216, 218, 220, 221, 222, 229, 234, 242]",476,machine learning_machine_andrew_ai_ng,495,python_data_programming_data science_science,1.6094021691506004
495,python_data_programming_data science_science,"[0, 2, 3, 5, 11, 12, 16, 17, 19, 22, 24, 26, 27, 39, 42, 45, 56, 66, 68, 69, 71, 83, 88, 89, 92, 94, 95, 102, 105, 112, 113, 116, 118, 119, 126, 136, 138, 147, 152, 154, 163, 174, 184, 197, 199, 203, 212, 216, 218, 220, 221, 222, 234, 242]",471,videos_labs_assignments_video_certificate,493,python_data_programming_data science_science,1.5625214657365365
494,course_excel_great_professor_coursera,"[4, 6, 7, 9, 10, 13, 18, 20, 21, 23, 25, 30, 31, 32, 33, 35, 36, 41, 43, 44, 46, 47, 48, 50, 51, 53, 54, 55, 58, 59, 60, 61, 62, 64, 70, 73, 74, 76, 77, 78, 79, 80, 81, 82, 84, 85, 86, 87, 90, 91, 93, 96, 97, 98, 99, 100, 103, 104, 106, 107, 108, 109, 111, 114, 117, 120, 122, 123, 124, 125, 127, 129, 130, 131, 132, 133, 134, 135, 137, 139, 140, 141, 142, 143, 144, 145, 146, 148, 149, 150, 153, 155, 156, 157, 158, 159, 160, 161, 162, 164, 165, 166, 167, 168, 169, 170, 171, 172, 173, 175, 176, 177, 178, 179, 180, 181, 182, 183, 185, 186, 187, 188, 189, 190, 191, 192, 193, 194, 195, 196, 200, 201, 202, 204, 205, 206, 208, 209, 210, 211, 213, 217, 219, 223, 224, 225, 226, 227, 228, 230, 231, 232, 233, 235, 236, 237, 238, 239, 240, 241, 243, 244, 245, 246, 247, 248, 249]",491,excel_marketing_course_introduction_psychology,481,korean_coursera_writing_english_professor,1.52715140824489
493,python_data_programming_data science_science,"[0, 2, 5, 16, 22, 26, 56, 69, 88, 89, 94, 102, 112, 113, 116, 147, 154, 163, 174, 197, 199, 203, 216, 220, 221, 222, 242]",492,python_data_data science_programming_science,465,web_html_css_javascript_web development,1.4654118440849964
492,python_data_data science_programming_science,"[0, 2, 5, 16, 22, 26, 56, 69, 88, 102, 113, 116, 154, 163, 174, 199, 203, 220, 221, 222, 242]",486,data_data science_science_sql_data scientist,479,python_programming_chuck_dr chuck_beginners,1.4524917672139417
491,excel_marketing_course_introduction_psychology,"[6, 13, 21, 31, 32, 35, 36, 41, 43, 44, 47, 48, 51, 53, 55, 58, 59, 60, 62, 64, 70, 73, 74, 76, 77, 78, 79, 80, 81, 82, 84, 85, 86, 87, 90, 91, 96, 97, 98, 99, 103, 106, 107, 108, 109, 111, 117, 120, 123, 124, 125, 127, 129, 131, 132, 133, 134, 135, 137, 139, 140, 141, 142, 143, 144, 145, 146, 148, 149, 150, 153, 155, 156, 157, 158, 159, 160, 161, 162, 164, 165, 166, 167, 169, 170, 171, 172, 173, 175, 176, 178, 180, 181, 182, 185, 186, 187, 188, 189, 190, 192, 193, 194, 196, 200, 201, 202, 204, 205, 206, 208, 209, 213, 217, 219, 223, 224, 225, 226, 227, 228, 230, 231, 232, 233, 235, 236, 237, 238, 239, 240, 243, 244, 245, 246, 247, 248, 249]",474,gcp_cloud_google_aws_networking,490,excel_marketing_psychology_course_design,1.43043991246866
490,excel_marketing_psychology_course_design,"[6, 13, 21, 35, 36, 41, 43, 47, 48, 51, 53, 55, 58, 59, 60, 64, 70, 73, 76, 77, 79, 80, 81, 82, 84, 85, 86, 87, 91, 96, 97, 98, 99, 103, 106, 107, 108, 109, 111, 117, 120, 123, 124, 125, 127, 129, 132, 133, 134, 135, 137, 139, 140, 141, 142, 143, 144, 145, 146, 148, 149, 150, 153, 155, 156, 157, 158, 159, 160, 162, 164, 166, 167, 169, 170, 171, 172, 175, 176, 178, 180, 181, 185, 186, 187, 188, 189, 190, 192, 193, 194, 196, 200, 201, 202, 204, 205, 206, 208, 209, 213, 217, 219, 223, 224, 225, 226, 227, 228, 231, 232, 233, 235, 236, 237, 238, 239, 240, 243, 244, 245, 246, 247, 248, 249]",487,excel_design_course_management_introduction,488,marketing_psychology_digital_analytics_social,1.422797043024981
489,course thank_learned lot_learned_lot_thank,"[37, 40, 49, 52, 63, 67, 72, 101, 115, 121, 151, 198, 214, 215]",480,learned lot_learned_experience_course learned_lot,454,course thank_thank_course thanks_helpful_helpful thank,1.4224897864046626
488,marketing_psychology_digital_analytics_social,"[36, 43, 86, 99, 106, 123, 137, 186, 189, 201, 245]",453,marketing_digital_analytics_digital marketing_customer,456,psychology_social_positive psychology_positive_bloom,1.4036757482643294
487,excel_design_course_management_introduction,"[6, 13, 21, 35, 41, 47, 48, 51, 53, 55, 58, 59, 60, 64, 70, 73, 76, 77, 79, 80, 81, 82, 84, 85, 87, 91, 96, 97, 98, 103, 107, 108, 109, 111, 117, 120, 124, 125, 127, 129, 132, 133, 134, 135, 139, 140, 141, 142, 143, 144, 145, 146, 148, 149, 150, 153, 155, 156, 157, 158, 159, 160, 162, 164, 166, 167, 169, 170, 171, 172, 175, 176, 178, 180, 181, 185, 187, 188, 190, 192, 193, 194, 196, 200, 202, 204, 205, 206, 208, 209, 213, 217, 219, 223, 224, 225, 226, 227, 228, 231, 232, 233, 235, 236, 237, 238, 239, 240, 243, 244, 246, 247, 248, 249]",484,excel_design_management_course_financial,485,statistics_probability_lecturer_bayesian_theory,1.3895990119490154
486,data_data science_science_sql_data scientist,"[2, 69, 88, 102, 113, 154, 163, 199, 203, 220, 242]",467,data_data science_science_data scientist_scientist,308,sql_database_databases_queries_python,1.3760808295279767
485,statistics_probability_lecturer_bayesian_theory,"[35, 47, 58, 59, 76, 80, 141, 146, 150, 170, 205, 209, 246, 249]",326,statistics_probability_bayesian_statistical_bayesian statistics,477,lecturer_informative_theory_explained_content,1.372252932102882
484,excel_design_management_course_financial,"[6, 13, 21, 41, 48, 51, 53, 55, 60, 64, 70, 73, 77, 79, 81, 82, 84, 85, 87, 91, 96, 97, 98, 103, 107, 108, 109, 111, 117, 120, 124, 125, 127, 129, 132, 133, 134, 135, 139, 140, 142, 143, 144, 145, 148, 149, 153, 155, 156, 157, 158, 159, 160, 162, 164, 166, 167, 169, 171, 172, 175, 176, 178, 180, 181, 185, 187, 188, 190, 192, 193, 194, 196, 200, 202, 204, 206, 208, 213, 217, 219, 223, 224, 225, 226, 227, 228, 231, 232, 233, 235, 236, 237, 238, 239, 240, 243, 244, 247, 248]",483,excel_design_financial_food_course,458,management_project management_project_agile_product,1.3592730018496146
483,excel_design_financial_food_course,"[6, 13, 21, 48, 51, 53, 55, 60, 64, 70, 73, 77, 79, 81, 82, 84, 85, 87, 91, 96, 97, 98, 103, 107, 108, 109, 111, 117, 124, 125, 127, 129, 132, 133, 134, 135, 140, 142, 143, 144, 145, 148, 149, 153, 155, 156, 157, 158, 159, 160, 164, 166, 167, 169, 171, 172, 175, 176, 178, 180, 181, 185, 187, 188, 192, 193, 194, 196, 202, 204, 206, 208, 213, 217, 219, 223, 224, 225, 226, 227, 228, 231, 232, 233, 235, 236, 237, 238, 239, 240, 243, 244, 247, 248]",253,shiller_professor shiller_robert shiller_robert_finance,482,excel_design_food_course_health,1.3551234439209467
482,excel_design_food_course_health,"[6, 13, 21, 48, 51, 53, 55, 60, 64, 70, 73, 77, 79, 81, 82, 84, 85, 87, 91, 96, 97, 98, 103, 107, 108, 109, 111, 117, 124, 125, 127, 129, 132, 133, 134, 135, 140, 142, 143, 144, 145, 148, 149, 153, 155, 156, 157, 158, 159, 160, 164, 166, 167, 169, 171, 172, 175, 176, 178, 180, 181, 187, 188, 192, 193, 194, 196, 202, 204, 206, 208, 213, 217, 219, 223, 224, 225, 226, 227, 228, 231, 232, 233, 235, 236, 237, 238, 239, 243, 244, 247, 248]",473,excel_food_health_history_course,475,design_graphic_graphic design_design thinking_unity,1.3158296451276505
481,korean_coursera_writing_english_professor,"[4, 7, 9, 10, 18, 20, 23, 25, 30, 33, 46, 50, 54, 61, 93, 100, 104, 114, 122, 130, 168, 177, 179, 183, 191, 195, 210, 211, 241]",478,korean_coursera_professor_teaching_teacher,337,writing_email_write_emails_writing skills,1.3149092743636897
480,learned lot_learned_experience_course learned_lot,"[37, 40, 49, 52, 63, 67, 115, 151, 214]",457,experience_great experience_loved_enjoyed_amazing,301,learned lot_learned_course learned_lot_learnt,1.2899784679320425
479,python_programming_chuck_dr chuck_beginners,"[0, 5, 16, 22, 26, 56, 116, 174, 221, 222]",469,python_programming_chuck_dr chuck_beginners,265,scala_functional_functional programming_programming_introduction functional,1.2816348358625416
478,korean_coursera_professor_teaching_teacher,"[4, 7, 9, 10, 18, 20, 23, 25, 33, 46, 50, 54, 61, 100, 104, 114, 122, 130, 177, 179, 183, 191, 195, 210, 211, 241]",472,mooc_happiness_oakley_brain_santos,462,korean_coursera_english_teaching_teacher,1.281424069726503
477,lecturer_informative_theory_explained_content,"[35, 58, 59, 76, 80, 141, 146, 150, 170, 209, 249]",445,lecturer_informative_explained_lecturers_content,254,theory_theory practice_balance theory_practice_theory practical,1.2797301862694186
476,machine learning_machine_andrew_ai_ng,"[1, 8, 14, 15, 28, 29, 34, 38, 57, 65, 75, 110, 128, 207, 229]",366,deep learning_neural_deep_tensorflow_neural networks,438,machine learning_machine_ai_andrew_ng,1.2792097486393241
475,design_graphic_graphic design_design thinking_unity,"[77, 81, 96, 127, 140, 204, 224, 228]",466,unity_game_introduction_game development_development,396,design_graphic_graphic design_design thinking_ux,1.2696299636602868
474,gcp_cloud_google_aws_networking,"[31, 32, 44, 62, 74, 78, 90, 131, 161, 165, 173, 182, 230]",423,gcp_cloud_aws_google_google cloud,468,networking_computer_support_security_computers,1.2546899560246656
473,excel_food_health_history_course,"[6, 13, 21, 48, 51, 53, 55, 60, 64, 70, 73, 79, 82, 84, 85, 87, 91, 97, 98, 103, 107, 108, 109, 111, 117, 124, 125, 129, 132, 133, 134, 135, 142, 143, 144, 145, 148, 149, 153, 155, 156, 157, 158, 159, 160, 164, 166, 167, 169, 171, 172, 175, 176, 178, 180, 181, 187, 188, 192, 193, 194, 196, 202, 206, 208, 213, 217, 219, 223, 225, 226, 227, 231, 232, 233, 235, 236, 237, 238, 239, 243, 244, 247, 248]",470,excel_financial_business_finance_accounting,464,food_health_art_music_history,1.2490935812758874
472,mooc_happiness_oakley_brain_santos,"[25, 33, 61, 100, 114, 122, 177, 183, 210]",310,happiness_santos_laurie_life_happier,365,mooc_oakley_brain_neuroscience_barbara,1.2444484100000996
471,videos_labs_assignments_video_certificate,"[3, 11, 12, 17, 19, 24, 27, 39, 42, 45, 66, 68, 71, 83, 92, 95, 105, 118, 119, 126, 136, 138, 152, 184, 212, 218, 234]",447,ibm_watson_jupyter_notebooks_watson studio,461,videos_labs_assignments_certificate_video,1.2441768748059703
470,excel_financial_business_finance_accounting,"[6, 21, 73, 79, 82, 84, 85, 87, 91, 97, 98, 103, 107, 108, 109, 111, 117, 124, 129, 132, 134, 142, 145, 148, 149, 153, 155, 156, 157, 158, 160, 164, 166, 167, 169, 171, 175, 178, 180, 188, 193, 194, 196, 202, 206, 208, 217, 219, 223, 225, 226, 227, 231, 232, 235, 236, 237, 238, 243, 244, 247, 248]",288,energy_wind_renewable_renewable energy_green,463,excel_financial_business_finance_accounting,1.2427029616014929
469,python_programming_chuck_dr chuck_beginners,"[0, 5, 16, 22, 26, 56, 174, 222]",452,python_programming_chuck_dr chuck_dr,257,beginners_beginner_course beginners_course beginner_beginners good,1.2394015974092105
468,networking_computer_support_security_computers,"[32, 44, 62, 90, 161, 165, 230]",429,networking_computer_support_computers_fundamentals,289,security_cybersecurity_cyber_cyber security_attacks,1.2314887645292711
467,data_data science_science_data scientist_scientist,"[2, 88, 102, 113, 163, 203, 220, 242]",368,tableau_visualization_data visualization_matplotlib_plotting,459,data_data science_science_data scientist_scientist,1.2275219835056703
466,unity_game_introduction_game development_development,"[96, 140, 224, 228]",275,unity_game_game development_development_games,272,introduction_good introduction_introduction course_great introduction_introduction subject,1.2264028539104794
465,web_html_css_javascript_web development,"[89, 94, 112, 147, 197, 216]",319,web_web development_web data_json_xml,330,css_html_javascript_html css_css javascript,1.2224929567094558
464,food_health_art_music_history,"[13, 48, 51, 53, 55, 60, 64, 70, 125, 133, 135, 143, 144, 159, 172, 176, 181, 187, 192, 213, 233, 239]",443,food_health_nutrition_healthy_covid,439,art_music_history_law_indigenous,1.2129180615269588
463,excel_financial_business_finance_accounting,"[6, 21, 73, 79, 82, 84, 85, 87, 91, 97, 98, 103, 107, 108, 109, 111, 117, 124, 129, 132, 134, 142, 145, 148, 149, 153, 155, 156, 157, 160, 164, 166, 167, 169, 171, 178, 180, 188, 193, 194, 196, 202, 206, 208, 217, 219, 223, 225, 226, 227, 231, 232, 235, 236, 237, 238, 243, 244, 247, 248]",378,business_metrics_entrepreneurship_strategy_business metrics,455,excel_financial_finance_accounting_seo,1.2124167319645325
462,korean_coursera_english_teaching_teacher,"[4, 7, 9, 10, 18, 20, 23, 46, 50, 54, 104, 130, 179, 191, 195, 211, 241]",286,severance_charles_charles severance_dr charles_dr severance,460,korean_coursera_english_teaching_teacher,1.2112881746964659
461,videos_labs_assignments_certificate_video,"[3, 11, 12, 17, 19, 24, 27, 39, 42, 45, 66, 68, 71, 83, 92, 95, 105, 118, 119, 152, 184, 212, 234]",451,videos_labs_assignments_certificate_video,264,challenging_challenging course_course challenging_difficult_hard,1.2055577314401957
460,korean_coursera_english_teaching_teacher,"[4, 7, 9, 10, 18, 20, 23, 46, 50, 54, 104, 179, 191, 195, 211]",449,korean_coursera_english_teaching_teacher,305,best courses_best course_best_taken_taken best,1.2004639287975283
459,data_data science_science_data scientist_scientist,"[2, 88, 102, 113, 242]",333,data science_data_science_data scientist_scientist,283,big data_big_hadoop_data_introduction big,1.1840738141210858
458,management_project management_project_agile_product,"[41, 120, 139, 162, 190, 200]",347,management_project management_project_product_manager,299,agile_jira_scrum_software_kanban,1.1838156260620933
457,experience_great experience_loved_enjoyed_amazing,"[37, 52, 67, 115, 151]",267,experience_great experience_learning experience_experience great_good experience,324,loved_enjoyed_course loved_course enjoyed_amazing,1.1704239774317595
456,psychology_social_positive psychology_positive_bloom,"[36, 99, 186, 189, 201, 245]",287,social_social media_media_norms_social norms,402,psychology_positive psychology_positive_bloom_professor bloom,1.1681311006821309
455,excel_financial_finance_accounting_seo,"[6, 21, 73, 79, 82, 84, 85, 87, 91, 97, 98, 103, 107, 109, 111, 117, 124, 129, 132, 134, 142, 145, 148, 149, 153, 155, 156, 157, 160, 164, 167, 169, 171, 178, 180, 188, 196, 202, 206, 208, 217, 219, 223, 225, 226, 227, 231, 232, 235, 236, 237, 238, 243, 244, 247, 248]",450,excel_financial_finance_accounting_seo,446,fashion_oil_gas_dogs_oil gas,1.163513777592286
454,course thank_thank_course thanks_helpful_helpful thank,"[72, 101, 121, 198, 215]",256,course thank_course thanks_thank_thank great_thanks,271,helpful_helpful thank_useful_really helpful_useful thank,1.1628013331588745
453,marketing_digital_analytics_digital marketing_customer,"[43, 86, 106, 123, 137]",359,marketing_digital_digital marketing_transformation_digital transformation,261,analytics_customer_people analytics_marketing_business analytics,1.1565609255494358
452,python_programming_chuck_dr chuck_dr,"[0, 5, 22, 26, 174, 222]",250,chuck_dr chuck_dr_course dr_chuck great,294,python_programming_learn python_python programming_language,1.1504750961180286
451,videos_labs_assignments_certificate_video,"[3, 11, 12, 17, 19, 24, 27, 39, 42, 45, 68, 71, 83, 92, 95, 118, 119, 152, 184, 212, 234]",339,labs_lab_linux_qwiklabs_windows,448,videos_assignments_certificate_quiz_video,1.146855622034945
450,excel_financial_finance_accounting_seo,"[6, 21, 73, 79, 82, 85, 87, 91, 97, 107, 109, 111, 124, 129, 132, 134, 142, 149, 153, 155, 157, 160, 164, 167, 169, 171, 178, 180, 196, 202, 206, 217, 219, 223, 225, 226, 227, 231, 232, 237, 238, 244, 247, 248]",312,accounting_fraud_financial accounting_financial_bushee,442,excel_finance_seo_financial_negotiation,1.1460654130104007
449,korean_coursera_english_teaching_teacher,"[4, 7, 9, 10, 18, 20, 23, 46, 50, 54, 104, 179, 195]",381,korean_english_chinese_language_grammar,398,coursera_online_instructor_professor_teaching,1.1418530639415092
448,videos_assignments_certificate_quiz_video,"[3, 11, 12, 19, 24, 27, 39, 42, 45, 71, 83, 92, 95, 118, 119, 184, 212, 234]",431,videos_assignments_certificate_quiz_video,276,week_weeks_week week_week course_days,1.1393114243287952
447,ibm_watson_jupyter_notebooks_watson studio,"[126, 136, 138, 218]",282,jupyter_notebooks_notebook_jupyter notebooks_jupyter notebook,298,ibm_watson_watson studio_ibm watson_studio,1.138557984661708
446,fashion_oil_gas_dogs_oil gas,"[84, 98, 103, 117, 145, 148, 156, 188, 208, 235, 236, 243]",332,dogs_dog_animal_welfare_animals,444,fashion_oil_gas_oil gas_industry,1.1097671205069457
445,lecturer_informative_explained_lecturers_content,"[35, 58, 59, 76, 80, 141, 146, 170, 209]",281,informative_information_informative course_information informative_informative interesting,436,lecturer_lecturers_explained_content_explanation,1.1015517692052612
444,fashion_oil_gas_oil gas_industry,"[84, 98, 117, 145, 148, 156, 188, 235, 236, 243]",433,cancer_sustainability_case_drug_sustainable,380,fashion_oil_gas_oil gas_industry,1.1002439795384855
443,food_health_nutrition_healthy_covid,"[13, 51, 53, 135, 143, 172, 176, 187, 192, 213, 233]",435,food_health_nutrition_healthy_covid,303,body_physiology_anatomy_exercise_human,1.0963148450722944
442,excel_finance_seo_financial_negotiation,"[6, 21, 73, 79, 82, 85, 91, 97, 107, 109, 111, 124, 129, 132, 134, 142, 149, 153, 155, 157, 160, 164, 167, 169, 171, 178, 180, 202, 206, 217, 219, 223, 225, 226, 227, 231, 232, 237, 238, 244, 247, 248]",440,excel_finance_seo_financial_negotiation,441,algebra_linear algebra_linear_nlp_models,1.0943108789625153
441,algebra_linear algebra_linear_nlp_models,"[79, 85, 109, 157, 160, 180, 217, 231]",430,linear algebra_algebra_linear_nlp_models,386,physics_astronomy_relativity_impey_special,1.0670497352766777
440,excel_finance_seo_financial_negotiation,"[6, 21, 73, 82, 91, 97, 107, 111, 124, 129, 132, 134, 142, 149, 153, 155, 164, 167, 169, 171, 178, 202, 206, 219, 223, 225, 226, 227, 232, 237, 238, 244, 247, 248]",437,excel_negotiation_branding_excel course_excel skills,432,finance_seo_financial_git_blockchain,1.0618568187196595
439,art_music_history_law_indigenous,"[48, 55, 60, 64, 70, 125, 133, 144, 159, 181, 239]",425,music_art_history_indigenous_photography,414,law_philosophy_diplomacy_international_american,1.054851441108877
438,machine learning_machine_ai_andrew_ng,"[1, 8, 15, 28, 38, 57, 65, 75, 110, 229]",350,ai_andrew_ng_andrew ng_artificial,404,machine learning_machine_ml_algorithms_learning,1.050789986332445
437,excel_negotiation_branding_excel course_excel skills,"[6, 73, 91, 111, 142, 153, 164, 202, 219, 225, 232, 237, 244, 247, 248]",419,training_yaakov_tutor_simulation_program,434,excel_negotiation_branding_excel course_excel skills,1.05055939356053
436,lecturer_lecturers_explained_content_explanation,"[35, 58, 76, 80, 146, 170, 209]",268,explained_explanation_examples_explanations_topics,420,lecturer_lecturers_content_presenters_organized,1.0458543336019799
435,food_health_nutrition_healthy_covid,"[13, 51, 53, 135, 143, 176, 187, 192, 233]",408,research_health_epidemiology_medical_public health,417,food_nutrition_health_healthy_covid,1.0373926199892087
434,excel_negotiation_branding_excel course_excel skills,"[6, 73, 91, 111, 153, 164, 219, 232, 247]",427,negotiation_branding_brand_personal branding_personal,338,excel_excel course_excel skills_vba_using excel,1.033413884781156
433,cancer_sustainability_case_drug_sustainable,"[98, 117, 148, 156, 188, 235, 236]",335,cancer_biology_bioinformatics_genetics_genomics,418,sustainability_case_drug_sustainable_case studies,1.0333673251355617
432,finance_seo_financial_git_blockchain,"[21, 82, 97, 107, 124, 129, 132, 134, 149, 155, 167, 169, 171, 178, 206, 223, 226, 227, 238]",426,finance_financial_blockchain_markets_chain,428,seo_git_gis_bootstrap_github,1.0296252371191408
431,videos_assignments_certificate_quiz_video,"[3, 11, 12, 19, 24, 27, 39, 42, 45, 71, 92, 95, 118, 119, 184, 212]",361,videos_assignments_quiz_video_lectures,424,certificate_pandas_specialization_exercises_java,1.0196466851466115
430,linear algebra_algebra_linear_nlp_models,"[79, 85, 109, 160, 180]",401,linear algebra_algebra_linear_calculus_nn,322,nlp_models_sequence_sequence models_quantitative,1.01673407003382
429,networking_computer_support_computers_fundamentals,"[32, 44, 62, 90, 230]",363,support_technical support_technical_fundamentals_technology,313,networking_computer_computers_computer networking_computer science,1.0133393244798197
428,seo_git_gis_bootstrap_github,"[82, 97, 134, 149, 155, 167, 206, 238]",421,seo_gis_intro_introductory course_introductory,385,git_bootstrap_github_git github_version control,1.0115258696018021
427,negotiation_branding_brand_personal branding_personal,"[73, 91, 111, 153, 164, 232, 247]",407,negotiation_branding_brand_personal branding_personal,343,tools_creativity_creative_creative thinking_tool,1.0105800448510824
426,finance_financial_blockchain_markets_chain,"[21, 107, 124, 129, 132, 169, 171, 178, 223, 226, 227]",422,finance_financial_markets_hr_sigma,388,blockchain_chain_supply chain_supply_logistics,1.0017486240158446
425,music_art_history_indigenous_photography,"[48, 55, 64, 70, 125, 144, 239]",411,indigenous_history_canada_feminism_canadian,384,music_art_photography_artists_moma,1.0004372811474977
424,certificate_pandas_specialization_exercises_java,"[24, 27, 39, 42, 71, 92, 95, 118, 212]",344,pandas_graphlab_numpy_library_python pandas,395,certificate_specialization_exercises_java_coding,0.9979659908677858
423,gcp_cloud_aws_google_google cloud,"[31, 74, 78, 131, 173, 182]",410,gcp_aws_services_platform_cloud,357,cloud_google_google cloud_cloud platform_platform,0.9931701522119141
422,finance_financial_markets_hr_sigma,"[21, 129, 132, 169, 171, 178, 223, 226, 227]",399,finance_financial_markets_corporate finance_economics,415,hr_sigma_cryptography_engineering_lean,0.9924253615973385
421,seo_gis_intro_introductory course_introductory,"[82, 134, 149, 155, 167, 238]",391,course recommend_course highly_recommend great_recommend_recommend excellent,412,seo_gis_intro_introductory course_introductory,0.9909496226285035
420,lecturer_lecturers_content_presenters_organized,"[58, 80, 146, 170, 209]",311,content_organized_structured_good content_great content,383,lecturer_lecturers_presenters_presenter_material,0.9903242106983626
419,training_yaakov_tutor_simulation_program,"[142, 202, 225, 237, 244, 248]",416,training_yaakov_tutor_session_trainer,389,simulation_program_simulations_great program_simulator,0.9834640975086287
418,sustainability_case_drug_sustainable_case studies,"[98, 117, 148, 235, 236]",327,sustainability_sustainable_tourism_cities_sustainable development,405,case_drug_case studies_case study_ecology,0.9821852178789144
417,food_nutrition_health_healthy_covid,"[13, 51, 143, 187, 192]",382,covid_covid 19_19_pandemic_mental,352,food_nutrition_healthy_eating_cooking,0.9821027954391108
416,training_yaakov_tutor_session_trainer,"[142, 202, 225, 244]",397,training_session_trainer_trainers_sessions,409,yaakov_tutor_tutors_hopkins_chaikin,0.9803878564883283
415,hr_sigma_cryptography_engineering_lean,"[129, 171, 178, 223, 226, 227]",413,hr_cryptography_engineering_rl_foundation,178,sigma_sigma_lean_belt_principles,0.9780549953978681
414,law_philosophy_diplomacy_international_american,"[60, 133, 159, 181]",374,law_diplomacy_international_american_american law,348,philosophy_political_shapiro_politics_policy,0.9766819834143519
413,hr_cryptography_engineering_rl_foundation,"[129, 171, 223, 226, 227]",406,cryptography_engineering_rl_biotechnology_mechanics,392,hr_foundation_budd_human resources_human,0.9763197562953562
412,seo_gis_intro_introductory course_introductory,"[82, 134, 155, 167]",394,seo_introductory course_introductory_search_good introductory,403,gis_intro_arcgis_intro course_great intro,0.9740437511052745
411,indigenous_history_canada_feminism_canadian,"[64, 125, 144, 239]",239,praise for ancient Egypt course_egypt_ancient_egyptian_silverman,358,indigenous_history_canada_feminism_canadian,0.9701303201073025
410,gcp_aws_services_platform_cloud,"[31, 74, 131]",131,positive feedback on learning platform_platform_platform learn_good platform_learning platform,370,gcp_aws_services_cloud_amazon,0.9663318838016243
409,yaakov_tutor_tutors_hopkins_chaikin,"[202, 244]",202,praise for course tutor_tutor_tutors_course tutor_amazing tutor,244,praise for instructor Yaakov Chaikin_yaakov_hopkins_chaikin_yaakov chaikin,0.9624293102068742
408,research_health_epidemiology_medical_public health,"[53, 135, 176, 233]",233,meta_meta_meta analysis_systematic_analysis,375,research_health_epidemiology_medical_public health,0.9614339764784879
407,negotiation_branding_brand_personal branding_personal,"[73, 91, 153, 164, 247]",400,branding_brand_personal branding_personal_leadership,393,negotiation_communication_negotiations_resume_job,0.9609356317637144
406,cryptography_engineering_rl_biotechnology_mechanics,"[171, 223, 226]",226,cryptography_cryptography_crypto_boneh_ii,387,engineering_rl_biotechnology_mechanics_reinforcement learning,0.9594441876535388
405,case_drug_case studies_case study_ecology,"[98, 148, 236]",373,case_case studies_case study_ecology_studies,148,positive feedback on drug discovery course_drug_addiction_discovery_drugs,0.9587753274553756
404,machine learning_machine_ml_algorithms_learning,"[1, 15, 38, 57, 65, 110, 229]",367,machine learning_machine_ml_algorithms_learning,292,matlab_octave_programming_matlab programming_matlab octave,0.9573251136237892
403,gis_intro_arcgis_intro course_great intro,"[134, 167]",134,gis_gis_arcgis_nick_nick santos,167,intro_intro_intro course_great intro_good intro,0.9552837274667562
402,psychology_positive psychology_positive_bloom_professor bloom,"[36, 99, 201, 245]",320,psychology_positive psychology_positive_social psychology_psychology course,201,bloom_bloom_professor bloom_paul bloom_paul,0.9550277225432102
401,linear algebra_algebra_linear_calculus_nn,"[85, 160, 180]",349,linear algebra_algebra_linear_calculus_matrix,160,nn_nn_nns_dl_nn dl,0.9544971508124122
400,branding_brand_personal branding_personal_leadership,"[91, 247]",247,praise for leadership course experience_leadership_leader_leaders_leadership skills,91,branding_branding_brand_personal branding_personal,0.954353567782324
399,finance_financial_markets_corporate finance_economics,"[21, 132, 169]",169,praise for private equity course content_pe_private equity_equity_private,346,finance_financial_markets_corporate finance_economics,0.9513557783891875
398,coursera_online_instructor_professor_teaching,"[4, 7, 9, 10, 23, 46, 104, 179]",376,class_dinosaurs_journalism_great class_enjoyed class,353,coursera_online_instructor_professor_teaching,0.9510465080745492
397,training_session_trainer_trainers_sessions,"[142, 225]",225,praise for session quality and engagement_session_sessions_good session_great session,142,training_training_trainer_trainers_excellent training,0.9488862291443905
396,design_graphic_graphic design_design thinking_ux,"[77, 81, 127, 204]",331,design_graphic_graphic design_design thinking_ux,204,praise for typography course content_typography_typeface_typographic_design,0.9480161327677754
395,certificate_specialization_exercises_java_coding,"[24, 27, 39, 42, 71, 95, 118]",372,certificate_specialization_courses specialization_course specialization_certification,390,exercises_java_coding_module_slides,0.9473163497262649
394,seo_introductory course_introductory_search_good introductory,"[82, 155]",82,seo_seo_search_search engine_engine,155,praise for introductory course quality_introductory course_introductory_good introductory_great introductory,0.944483537087202
393,negotiation_communication_negotiations_resume_job,"[73, 153, 164]",379,negotiation_communication_negotiations_negotiation skills_siedel,164,praise for job application preparation course_resume_cover letter_job_letter,0.9428902694202839
392,hr_foundation_budd_human resources_human,"[129, 227]",227,praise for foundation course quality_foundation_foundation course_good foundation_great foundation,129,hr_hr_budd_human resources_human,0.9412852079220339
391,course recommend_course highly_recommend great_recommend_recommend excellent,"[149, 238]",238,positive feedback on beginner courses_course start_start_start good_starters,149,positive recommendations for the course_course recommend_course highly_recommend great_recommend,0.9395729469846774
390,exercises_java_coding_module_slides,"[27, 42, 71, 95, 118]",369,module_slides_modules_slide_powerpoint,377,exercises_java_coding_code_exercise,0.9394875579065559
389,simulation_program_simulations_great program_simulator,"[237, 248]",248,positive feedback on simulation courses_simulation_simulations_simulator_everly,237,positive feedback on program quality_program_great program_excellent program_good program,0.9390707224266376
388,blockchain_chain_supply chain_supply_logistics,"[107, 124]",107,praise for blockchain course quality_blockchain_technology_ethereum_gut,124,praise for supply chain logistics course_supply chain_supply_chain_logistics,0.9375048148417277
387,engineering_rl_biotechnology_mechanics_reinforcement learning,"[171, 223]",171,praise for introductory engineering mechanics course_engineering_mechanics_engineering mechanics_engineers,223,rl_rl_biotechnology_reinforcement learning_reinforcement,0.9334160049927464
386,physics_astronomy_relativity_impey_special,"[157, 217, 231]",351,physics_relativity_special_einstein_theory,157,praise for instructor Chris Impey_astronomy_impey_universe_chris impey,0.9292843867474428
385,git_bootstrap_github_git github_version control,"[97, 206]",97,positive feedback on Git and GitHub course_git_github_git github_version control,206,praise for bootstrap course_bootstrap_gulp_npm_grunt,0.9280575711800958
384,music_art_photography_artists_moma,"[48, 55, 70]",336,art_photography_artists_moma_modern art,55,positive feedback on classical music course_music_classical_guitar_wright,0.9265052863795239
383,lecturer_lecturers_presenters_presenter_material,"[80, 146, 209]",371,presenters_presenter_material_materials_excellent material,80,lecturer_lecturer_lecturers_course lecturer_great lecturer,0.9216254629012358
382,covid_covid 19_19_pandemic_mental,"[51, 143, 192]",51,praise for Covid-19 course内容_covid_covid 19_19_pandemic,342,mental_mental health_psychological_health_psychological aid,0.9214559961118737
381,korean_english_chinese_language_grammar,"[18, 20, 50, 54, 195]",356,korean_chinese_language_yonsei_kang,360,english_grammar_punctuation_language_pronunciation,0.9201160630102427
380,fashion_oil_gas_oil gas_industry,"[84, 145, 243]",84,fashion_fashion_luxury_gamification_fashion luxury,329,oil_gas_oil gas_industry_operations,0.9198887587864925
379,negotiation_communication_negotiations_negotiation skills_siedel,"[73, 153]",73,praise for negotiation course_negotiation_negotiations_negotiation skills_siedel,153,praise for communication skills development_communication_communication skills_group_communicate,0.9185112936951876
378,business_metrics_entrepreneurship_strategy_business metrics,"[108, 166, 193, 194]",193,positive feedback on strategy course_strategy_strategic_strategic management_business strategy,362,business_metrics_entrepreneurship_business metrics_entrepreneur,0.9168282683506165
377,exercises_java_coding_code_exercise,"[27, 42, 95]",340,exercises_coding_code_exercise_practical exercises,95,praise for Java course effectiveness_java_object oriented_oop_java programming,0.9157299187424487
376,class_dinosaurs_journalism_great class_enjoyed class,"[46, 104, 179]",341,dinosaurs_journalism_horse_horses_birds,46,class_class_great class_enjoyed class_class learned,0.9131393599242931
375,research_health_epidemiology_medical_public health,"[53, 135, 176]",135,positive feedback on research methods course_research_research methods_understanding research_methods,309,health_epidemiology_medical_public health_clinical,0.9128214484213654
374,law_diplomacy_international_american_american law,"[60, 159]",60,law_law_american_american law_legal,159,praise for diplomacy course content_diplomacy_international relations_relations_international,0.9119693834631039
373,case_case studies_case study_ecology_studies,"[98, 236]",236,praise for ecology and conservation course_ecology_conservation_ecosystem_ecosystems,98,case_case_case studies_case study_studies,0.9089168933471908
372,certificate_specialization_courses specialization_course specialization_certification,"[24, 39]",24,issues with certificate issuance and details_certificate_certification_free_pay,39,varying opinions on course effectiveness_specialization_courses specialization_course specialization_specialization great,0.9024257174396508
371,presenters_presenter_material_materials_excellent material,"[146, 209]",209,praise for course presenters_presenters_presenter_great presenter_course presenters,146,praise for course material quality_material_materials_excellent material_great material,0.9011405251502176
370,gcp_aws_services_cloud_amazon,"[31, 74]",31,positive feedback on GCP course experience_gcp_services_cloud_labs,74,aws_aws_services_amazon_cloud,0.9005722998782466
369,module_slides_modules_slide_powerpoint,"[71, 118]",71,module_module_modules_course modules_course module,118,concerns about slide quality and interactivity_slides_slide_powerpoint_pdf,0.9000752493631274
368,tableau_visualization_data visualization_matplotlib_plotting,"[163, 203, 220]",203,tableau_tableau_visualization_visualizations_data visualization,274,visualization_matplotlib_data visualization_plotting_data,0.8985244987126069
367,machine learning_machine_ml_algorithms_learning,"[1, 15, 38, 65, 229]",321,ml_algorithms_math_mathematical_andrew,260,machine learning_machine_learning_ng_andrew,0.8958108493624314
366,deep learning_neural_deep_tensorflow_neural networks,"[14, 29, 34, 128, 207]",128,praise for hyperparameter tuning content_tuning_hyperparameter_hyperparameters_hyperparameter tuning,364,deep learning_neural_deep_neural networks_tensorflow,0.8956287093600077
365,mooc_oakley_brain_neuroscience_barbara,"[33, 61, 100, 114, 122, 183]",354,brain_neuroscience_procrastination_brain works_techniques,334,mooc_oakley_moocs_barbara oakley_barbara,0.8931518626696371
364,deep learning_neural_deep_neural networks_tensorflow,"[14, 29, 34, 207]",285,deep learning_neural_deep_neural networks_networks,323,tensorflow_keras_tensor_tensor flow_cnn,0.8919182931986518
363,support_technical support_technical_fundamentals_technology,"[32, 90, 230]",230,praise for fundamentals understanding_fundamentals_fundamental_fundamentals great_fundamentals course,270,support_technical support_technical_technology_tech,0.8865241576395216
362,business_metrics_entrepreneurship_business metrics_entrepreneur,"[108, 166, 194]",300,business_metrics_business metrics_course business_business world,166,entrepreneurship_entrepreneurship_entrepreneur_entrepreneurs_business,0.8856970750121353
361,videos_assignments_quiz_video_lectures,"[3, 11, 12, 19, 45, 119, 184]",119,course rating opinions_stars_star_reason_rating,355,videos_assignments_quiz_video_lectures,0.8834963124771035
360,english_grammar_punctuation_language_pronunciation,"[18, 54, 195]",54,praise for grammar and punctuation course_grammar_punctuation_grammar punctuation_tenses,315,english_language_pronunciation_speaking_subtitles,0.8755219692176797
359,marketing_digital_digital marketing_transformation_digital transformation,"[43, 86, 137]",137,transformation_transformation_digital transformation_digital_bcg,269,marketing_digital_digital marketing_digital world_marketing course,0.8735581810440984
358,indigenous_history_canada_feminism_canadian,"[64, 125, 144]",306,indigenous_history_canada_canadian_peoples,125,enthusiasm for feminism and social justice course_feminism_women_social justice_justice,0.8721810237037823
357,cloud_google_google cloud_cloud platform_platform,"[78, 173, 182]",278,cloud_google cloud_google_cloud platform_platform,173,praise for Google and its courses_google_google team_thank google_learning google,0.8673089848769902
356,korean_chinese_language_yonsei_kang,"[20, 50]",50,positive feedback on Chinese language learning_chinese_mandarin_china_language,20,positive experiences learning Korean language_korean_language_yonsei_kang,0.866718723516381
355,videos_assignments_quiz_video_lectures,"[3, 11, 12, 19, 45, 184]",345,videos_assignments_quiz_video_lectures,184,discussion_discussion_forum_forums_discussion forum,0.866548497951431
354,brain_neuroscience_procrastination_brain works_techniques,"[61, 100, 122, 183]",122,neuroscience_neuroscience_neurobiology_mason_white,302,brain_procrastination_brain works_techniques_learning,0.8659830108105081
353,coursera_online_instructor_professor_teaching,"[4, 7, 9, 10, 23]",328,professor_instructor_teacher_teaching_instructors,317,coursera_online_online course_course coursera_thank coursera,0.8622664582569809
352,food_nutrition_healthy_eating_cooking,"[13, 187]",13,food_food_nutrition_healthy_eating,187,praise for Dr. Kazdin's parenting course_parenting_parents_child_parent,0.8613081471025863
351,physics_relativity_special_einstein_theory,"[217, 231]",231,praise for Special Relativity course_relativity_special_einstein_theory,217,physics_physics_bloomfield_lou_physics course,0.8602879681978775
350,ai_andrew_ng_andrew ng_artificial,"[8, 28, 75]",8,positive feedback for AI course beginners_ai_artificial_artificial intelligence_intelligence,277,andrew_ng_andrew ng_course andrew_thank andrew,0.8569547135032112
349,linear algebra_algebra_linear_calculus_matrix,"[85, 180]",85,linear algebra_linear algebra_algebra_linear_matrix,180,praise for Professor David Easdown_calculus_easdown_david_david easdown,0.8568505824460201
348,philosophy_political_shapiro_politics_policy,"[133, 181]",181,political_political_shapiro_politics_policy,133,philosophy_philosophy_philosophical_introduction philosophy_philosophy course,0.8563608312438263
347,management_project management_project_product_manager,"[41, 120, 162, 190]",325,project management_management_project_planning_manager,162,praise for instructor Alex Cowan_product_product management_management_product manager,0.8502238896291806
346,finance_financial_markets_corporate finance_economics,"[21, 132]",21,praise for corporate finance course_finance_financial_markets_corporate finance,132,praise for foundational economics understanding_economics_macroeconomics_economic_economy,0.8435567253475333
345,videos_assignments_quiz_video_lectures,"[3, 11, 12, 19, 45]",297,assignments_assignment_peer_grading_peer review,314,videos_quiz_video_lectures_quizzes,0.837449494046793
344,pandas_graphlab_numpy_library_python pandas,"[92, 212]",92,praise for pandas course effectiveness_pandas_numpy_python pandas_pandas numpy,212,frustrations with GraphLab installation and support_graphlab_turicreate_open source_use,0.8364764357528716
343,tools_creativity_creative_creative thinking_tool,"[111, 232]",111,praise for the tools course_tools_tool_tools good_tools course,232,creativity_creativity_creative_creative thinking_thinking,0.8359615562857219
342,mental_mental health_psychological_health_psychological aid,"[143, 192]",143,psychological_psychological_psychological aid_aid_disaster,192,positive impact on mental health_mental_mental health_health_psychiatry,0.8313749484073797
341,dinosaurs_journalism_horse_horses_birds,"[104, 179]",104,enthusiastic reviews about dinosaur course_dinosaurs_journalism_birds_alberta,179,praise for instructor Dr. Mortensen_horse_horses_bugs_care,0.8270819536099631
340,exercises_coding_code_exercise_practical exercises,"[27, 42]",27,feedback on exercise quality and quantity_exercises_exercise_practical exercises_exercises great,42,requests for more coding practice_coding_code_codes_coding course,0.8264898036993102
339,labs_lab_linux_qwiklabs_windows,"[17, 68, 152]",68,positive feedback on OS command learning_linux_windows_operating_commands,318,labs_lab_qwiklabs_hands_hands labs,0.8263064165974647
338,excel_excel course_excel skills_vba_using excel,"[6, 219]",6,positive feedback on Excel course_excel_excel course_excel skills_using excel,219,praise for instructor Dr. Charlie_vba_macros_macro_excel,0.8245467074591798
337,writing_email_write_emails_writing skills,"[30, 93, 168]",262,writing_writing skills_essay_write_improve writing,93,praise for professional email writing course_email_emails_professional_write,0.8180937361873705
336,art_photography_artists_moma_modern art,"[48, 70]",70,praise for photography course content_photography_camera_photographers_photographs,48,art_art_artists_modern art_moma,0.8179253606371485
335,cancer_biology_bioinformatics_genetics_genomics,"[156, 188]",188,positive feedback on cancer biology course_cancer_biology_treatment_treatments,156,recommendations for biology teachers in bioinformatics_biology_bioinformatics_genetics_genomics,0.8150356268297021
334,mooc_oakley_moocs_barbara oakley_barbara,"[33, 114]",114,praise for Dr. Barbara Oakley and Dr. Sejnowski_oakley_barbara oakley_sejnowski_barbara,33,praise for the best MOOC experience_mooc_moocs_best mooc_great mooc,0.81489384579527
333,data science_data_science_data scientist_scientist,"[2, 88, 102]",102,data structures_data structures_structures_python data_python,258,data science_data_science_data scientist_scientist,0.8140491391201706
332,dogs_dog_animal_welfare_animals,"[103, 208]",208,animal_animal_welfare_animals_animal behaviour,103,enthusiastic reviews of dog cognition course_dogs_dog_cats_cognition,0.8138402153412786
331,design_graphic_graphic design_design thinking_ux,"[77, 81, 127]",127,ux_ux_ui_design_ux design,307,design_graphic_graphic design_design thinking_thinking,0.7984689520658199
330,css_html_javascript_html css_css javascript,"[94, 197, 216]",197,mixed reviews on HTML5 course content_html5_html_accessibility_tags,291,css_javascript_html_html css_css javascript,0.7940137320326985
329,oil_gas_oil gas_industry_operations,"[145, 243]",243,industry_industry_overview industry_industries_industrial,145,praise for oil and gas industry course_oil_gas_oil gas_industry,0.7930661322815269
328,professor_instructor_teacher_teaching_instructors,"[4, 7, 9]",316,professor_teacher_teaching_teachers_professors,7,praise for great instructors_instructor_instructors_course instructor_great instructor,0.791898248867997
327,sustainability_sustainable_tourism_cities_sustainable development,"[117, 235]",117,praise for sustainability course content_sustainability_sustainable_cities_sustainable development,235,praise for sustainable tourism insights_tourism_plants_plant_sustainable,0.7892552332414118
326,statistics_probability_bayesian_statistical_bayesian statistics,"[47, 205, 246]",205,praise for Bayesian Statistics introduction_bayesian_bayesian statistics_statistics_lee,252,statistics_probability_statistical_statistics course_basic statistics,0.7890232333390527
325,project management_management_project_planning_manager,"[41, 120, 190]",190,positive feedback on project management course_pm_pmbok_pmp_project management,295,project management_management_project_planning_manager,0.7805922291133924
324,loved_enjoyed_course loved_course enjoyed_amazing,"[37, 52, 151]",37,appreciation for course and instructors_thank_loved_good thank_thanks,273,course loved_course enjoyed_loved_enjoyed_course really,0.7779232088733283
323,tensorflow_keras_tensor_tensor flow_cnn,"[34, 207]",207,praise for instructor Andrew Ng_cnn_convolutional_transfer_computer vision,34,request for more comprehensive tensorflow content_tensorflow_keras_tensor_tensor flow,0.7706802688410512
322,nlp_models_sequence_sequence models_quantitative,"[79, 109]",109,praise for quantitative modeling course_quantitative_models_modeling_model,79,praise for NLP and sequence models_nlp_sequence_sequence models_models,0.7699026120070872
321,ml_algorithms_math_mathematical_andrew,"[15, 38, 65]",38,praise for Dr. Keith Devlin's teaching_math_mathematics_mathematical_maths,304,ml_algorithms_algorithm_andrew_ml course,0.7608259000507046
320,psychology_positive psychology_positive_social psychology_psychology course,"[36, 99, 245]",245,praise for Professor Scott Plous_social psychology_social_psychology_plous,284,psychology_positive psychology_positive_bloom_psychology course,0.7595590557029066
319,web_web development_web data_json_xml,"[89, 112, 147]",255,web_web data_json_xml_api,89,positive feedback for beginner web development course_web_web development_development_learn web,0.7575437718594764
318,labs_lab_qwiklabs_hands_hands labs,"[17, 152]",17,labs_labs_lab_hands_hands labs,152,feedback on Qwiklabs experience_qwiklabs_qwiklab_labs_qwik,0.7527100969162369
317,coursera_online_online course_course coursera_thank coursera,"[10, 23]",10,praise for Coursera courses_coursera_course coursera_thank coursera_thanks coursera,23,online_online_online course_best online_online courses,0.7518707984766653
316,professor_teacher_teaching_teachers_professors,"[4, 9]",4,praise for great teacher and course_teacher_teaching_teachers_great teacher,9,praise for great professor and course_professor_professors_course professor_professor great,0.7431056855509294
315,english_language_pronunciation_speaking_subtitles,"[18, 195]",18,praise for English pronunciation improvement courses_english_language_pronunciation_speaking,195,requests for Russian subtitles availability_subtitles_russian_english_subtitle,0.7411825166084918
314,videos_quiz_video_lectures_quizzes,"[3, 11, 19]",290,videos_quiz_video_quizzes_questions,19,mixed feedback on lecture clarity_lectures_lecture_course lectures_lectures good,0.740688642495663
313,networking_computer_computers_computer networking_computer science,"[44, 62]",62,praise for comprehensive computer science course_computer_computers_computer science_hardware,44,praise for networking course content_networking_computer networking_network_computer,0.7399637950402771
312,accounting_fraud_financial accounting_financial_bushee,"[87, 196]",196,positive feedback on forensic accounting course_fraud_forensic_examination_accounting,87,praise for financial accounting course_accounting_financial accounting_financial_bushee,0.7355868328922635
311,content_organized_structured_good content_great content,"[58, 170]",170,praise for course structure and organization_structured course_structured_organized course_organized,58,praise for course content quality_content_good content_organized_great content,0.7293092955922462
310,happiness_santos_laurie_life_happier,"[25, 177, 210]",296,santos_laurie_laurie santos_professor santos_dr santos,25,happiness_happiness_happier_life_happy,0.7286451196661865
309,health_epidemiology_medical_public health_clinical,"[53, 176]",53,praise for beginner-friendly clinical research course_medical_health_clinical_public health,176,praise for epidemiology course content_epidemiology_public health_public_health,0.7231646416799278
308,sql_database_databases_queries_python,"[69, 154, 199]",69,sql_sql_queries_course sql_sql data,259,database_databases_sql_python_databases python,0.7221482065456516
307,design_graphic_graphic design_design thinking_thinking,"[77, 81]",77,design thinking_design thinking_design_thinking_innovation,81,graphic_graphic_graphic design_design_designer,0.7207430856068806
306,indigenous_history_canada_canadian_peoples,"[64, 144]",64,appreciation for Indigenous history education_indigenous_canada_history_canadian,144,praise for engaging history instruction_history_zelikow_events_world history,0.7156917001398793
305,best courses_best course_best_taken_taken best,"[191, 211]",211,praise for course quality_best courses_courses ve_courses_courses taken,191,praise for course quality_best course_best_taken best_course best,0.711577276610856
304,ml_algorithms_algorithm_andrew_ml course,"[15, 65]",15,praise for Andrew Ng's ML course_ml_ml course_andrew_algorithms,65,praise for algorithms course effectiveness_algorithms_algorithm_algorithmic_algorithms course,0.7058967169187945
303,body_physiology_anatomy_exercise_human,"[172, 213]",213,positive feedback on exercise science course_exercise_body_fitness_science exercise,172,positive feedback on anatomy and physiology courses_anatomy_physiology_body_human,0.7008210467436391
302,brain_procrastination_brain works_techniques_learning,"[61, 100, 183]",100,praise for brain understanding techniques_brain_brain works_works_techniques,293,procrastination_techniques_learning_life_learn,0.685179506885846
301,learned lot_learned_course learned_lot_learnt,"[40, 49, 63, 214]",280,course learned_learned lot_learned_course learnt_lot great,266,learned lot_learned_thank learned_lot thank_lot,0.6695759161823388
300,business_metrics_business metrics_course business_business world,"[108, 194]",194,metrics_metrics_business metrics_business_introduction business,108,praise for business course effectiveness_business_course business_business world_business school,0.6640113872821474
299,agile_jira_scrum_software_kanban,"[139, 200]",139,praise for Agile software methodology learning_agile_software_scrum_alex,200,jira_jira_agile_scrum_kanban,0.6558884986093084
298,ibm_watson_watson studio_ibm watson_studio,"[126, 138]",126,requests for updated IBM Watson Studio content_watson_watson studio_ibm watson_studio,138,praise for IBM Coursera courses_ibm_ibm coursera_coursera ibm_thank ibm,0.654374132906081
297,assignments_assignment_peer_grading_peer review,"[12, 45]",45,complaints about peer review effectiveness_peer_grading_peer review_review,12,feedback on assignment quality and challenge_assignments_assignment_course assignments_final assignment,0.6477036019147431
296,santos_laurie_laurie santos_professor santos_dr santos,"[177, 210]",177,praise for professor Laurie Santos_laurie_laurie santos_santos_professor laurie,210,praise for Professor Santos_santos_professor santos_dr santos_santos amazing,0.6430900747342503
295,project management_management_project_planning_manager,"[41, 120]",41,positive reviews on project management courses_project management_project_management_planning,120,insights on modern management practices_management_manager_managers_managing,0.6410152015306544
294,python_programming_learn python_python programming_language,"[0, 5, 26, 222]",0,praise for Python beginner course_python_learn python_python programming_programming,279,programming_programming assignments_programming course_language_assignments,0.637218163525132
293,procrastination_techniques_learning_life_learn,"[61, 183]",61,praise for effective learning techniques_techniques_learning_life_learn,183,strategies for overcoming procrastination_procrastination_techniques_brain_pomodoro,0.6085912880317466
292,matlab_octave_programming_matlab programming_matlab octave,"[57, 110]",110,octave_octave_matlab_matlab octave_machine learning,57,matlab_matlab_matlab programming_programming matlab_matlab course,0.6042553046166084
291,css_javascript_html_html css_css javascript,"[94, 216]",94,mixed feedback on JavaScript content_javascript_css_html css_html,216,praise for CSS course effectiveness_css_css3_css course_colleen,0.6015577695321328
290,videos_quiz_video_quizzes_questions,"[3, 11]",11,feedback on quiz quality and access_quiz_quizzes_questions_answers,3,feedback on video length and structure_videos_video_course videos_short,0.5813602314603468
289,security_cybersecurity_cyber_cyber security_attacks,"[161, 165]",161,praise for IT security course_security_security course_privacy_information,165,cybersecurity_cybersecurity_cyber_cyber security_security,0.576994418430318
288,energy_wind_renewable_renewable energy_green,"[158, 175]",158,wind_wind_energy_dtu_energy course,175,energy_energy_renewable_renewable energy_green,0.5725091655102841
287,social_social media_media_norms_social norms,"[186, 189]",189,social media_social media_media_social_marketing,186,praise for social norms course and instructor_social_norms_social norms_social change,0.5706899004167267
286,severance_charles_charles severance_dr charles_dr severance,"[130, 241]",130,praise for Dr. Charles Severance_severance_charles severance_charles_dr severance,241,charles_charles_dr charles_charles great_professor charles,0.5664801287941956
285,deep learning_neural_deep_neural networks_networks,"[14, 29]",14,praise for deep learning course quality_deep learning_deep_neural_learning,29,neural_neural_neural networks_networks_neural network,0.5608567057167622
284,psychology_positive psychology_positive_bloom_psychology course,"[36, 99]",36,praise for Professor Bloom's psychology course_psychology_bloom_psychology course_professor bloom,99,positive psychology_positive psychology_positive_psychology_seligman,0.5508063162449386
283,big data_big_hadoop_data_introduction big,"[113, 242]",113,praise for introductory big data course_big data_big_data_introduction big,242,hadoop_hadoop_big data_mapreduce_big,0.5438271591276768
282,jupyter_notebooks_notebook_jupyter notebooks_jupyter notebook,"[136, 218]",218,notebook quality and functionality issues_notebooks_notebook_colab_course notebooks,136,feedback on Jupyter Notebook usage issues_jupyter_jupyter notebooks_jupyter notebook_notebooks,0.5390727810154515
281,informative_information_informative course_information informative_informative interesting,"[59, 141]",141,praise for course informativeness_informative course_informative_course informative_good informative,59,mixed feedback on course information quality_informative_information_information informative_good information,0.5343110268856877
280,course learned_learned lot_learned_course learnt_lot great,"[49, 63]",49,enjoyed course_enjoyed course_enjoyed_course learned_learned,63,praise for course effectiveness and learning_course learned_learned lot_lot great_course learnt,0.5282444323346462
279,programming_programming assignments_programming course_language_assignments,"[5, 26, 222]",263,programming_programming assignments_programming course_assignments_programming language,222,programming_programming_language_programming language_programming course,0.5277199951317288
278,cloud_google cloud_google_cloud platform_platform,"[78, 182]",182,positive student experiences in cloud computing_cloud_cloud computing_computing_learn cloud,78,positive feedback on Google Cloud course_google cloud_cloud_google_cloud platform,0.523833638301203
277,andrew_ng_andrew ng_course andrew_thank andrew,"[28, 75]",28,praise for instructor Andrew Ng_ng_andrew ng_andrew_prof ng,75,praise for instructor Andrew_andrew_thank andrew_course andrew_andrew great,0.5186596512608694
276,week_weeks_week week_week course_days,"[83, 234]",234,weeks_weeks_week_days_hours,83,mixed feedback on course structure and pacing_week_weeks_week week_week bit,0.509402169548764
275,unity_game_game development_development_games,"[140, 228]",228,praise for beginner-friendly game development course_game_game development_development_games,140,positive feedback on Unity course for beginners_unity_game_game development_development,0.5025129870118643
274,visualization_matplotlib_data visualization_plotting_data,"[163, 220]",163,positive feedback on data visualization course_visualization_data visualization_data_plotting,220,praise for matplotlib course experience_matplotlib_visualization_plotting_data visualization,0.5007471837276654
273,course loved_course enjoyed_loved_enjoyed_course really,"[52, 151]",52,positive course enjoyment and appreciation_loved_course loved_loved course_enjoyed,151,course enjoyed_course enjoyed_course loved_enjoyed great_enjoyed,0.49939306786154447
272,introduction_good introduction_introduction course_great introduction_introduction subject,"[96, 224]",96,positive feedback on course introduction_introduction_good introduction_great introduction_introduction subject,224,introduction course_introduction course_introduction_good introduction_great introduction,0.47463332332308783
271,helpful_helpful thank_useful_really helpful_useful thank,"[72, 121]",121,praise for helpful course_useful course_course helpful_thank course_helpful thank,72,praise for course usefulness_helpful_helpful thank_useful_helpful useful,0.4687638363023746
270,support_technical support_technical_technology_tech,"[32, 90]",32,praise for IT Support course introduction_support_specialist_support specialist_field,90,positive feedback on technical support fundamentals_technical support_technical_support_technology,0.4679004845195258
269,marketing_digital_digital marketing_digital world_marketing course,"[43, 86]",86,digital_digital_marketing_digital marketing_digital world,43,praise for the marketing course_marketing_marketing course_marketing concepts_market,0.46439981379975026
268,explained_explanation_examples_explanations_topics,"[35, 76]",35,examples_examples_explanation_topics_explained,76,praise for course explanations_course explained_explained_easy understand_course easy,0.4622717802314176
267,experience_great experience_learning experience_experience great_good experience,"[67, 115]",115,positive feedback on course experience_experience_great experience_experience thank_amazing experience,67,positive feedback on learning experience_experience_learning experience_great learning_great experience,0.4552744681668023
266,learned lot_learned_thank learned_lot thank_lot,"[40, 214]",214,lot course_lot course_course thank_learned lot_thank learned,40,praise for course learning experience_learned_learned lot_lot thank_thank learned,0.4370755429031411
265,scala_functional_functional programming_programming_introduction functional,"[116, 221]",116,scala_scala_functional_functional programming_programming,221,praise for functional programming course_functional_functional programming_programming_introduction functional,0.4285194616729835
264,challenging_challenging course_course challenging_difficult_hard,"[66, 105]",66,challenging_challenging_challenging course_course challenging_difficult,105,challenging_challenging_worth_difficult_tough,0.41755150471909697
263,programming_programming assignments_programming course_assignments_programming language,"[5, 26]",26,positive feedback on R and GitHub integration_rstudio_github_programming_swirl,5,programming_programming_programming assignments_programming course_programming language,0.3943187261892199
262,writing_writing skills_essay_write_improve writing,"[30, 168]",168,praise for Dr. Kristin Sainani's course_writing_scientific_sainani_sciences,30,writing_writing_writing skills_essay_plot,0.3867558213562706
261,analytics_customer_people analytics_marketing_business analytics,"[106, 123]",106,praise for introductory marketing analytics content_analytics_customer_marketing_analytics course,123,praise for people analytics course_analytics_people analytics_business analytics_people,0.38599985082843347
260,machine learning_machine_learning_ng_andrew,"[1, 229]",1,machine learning_machine learning_machine_learning_ng,229,machine learning_machine learning_machine_python_scikit,0.37114504929472436
259,database_databases_sql_python_databases python,"[154, 199]",154,databases_databases_sql_database_python,199,praise for database beginner courses_database_databases_database management_relational,0.35682686638840666
258,data science_data_science_data scientist_scientist,"[2, 88]",88,mixed feedback on course content focus_python_data science_data_science,2,praise for introductory data science course_data science_data_science_data scientist,0.3413882088311311
257,beginners_beginner_course beginners_course beginner_beginners good,"[16, 56]",16,beginners_beginners_course beginners_beginner_course beginner,56,mixed reviews on beginner suitability_beginners_beginner_good beginners_good beginner,0.3180640103294672
256,course thank_course thanks_thank_thank great_thanks,"[101, 198, 215]",251,course thank_course thanks_thank great_thank_thanks lot,101,course thank_course thank_thank_course thanks_enjoyed course,0.3127639886084647
255,web_web data_json_xml_api,"[112, 147]",112,praise for web data and API instruction_web_json_api_xml,147,web_web_web data_access web_json,0.25819912964500147
254,theory_theory practice_balance theory_practice_theory practical,"[150, 249]",150,praise for theory and practice integration_theory_theory practice_balance theory_theory practical,249,theory versus practice balance concerns_theory_theory practice_balance theory_practice,0.24544770724017018
253,shiller_professor shiller_robert shiller_robert_finance,"[185, 240]",240,praise for Professor Robert Shiller_shiller_professor shiller_robert shiller_robert,185,praise for Professor Robert Shiller_shiller_professor shiller_finance_financial,0.2151070381716642
252,statistics_probability_statistical_statistics course_basic statistics,"[47, 246]",47,statistics_statistics_probability_statistical_statistics course,246,statistics_statistics_statistical_probability_stats,0.21142435684984828
251,course thank_course thanks_thank great_thank_thanks lot,"[198, 215]",215,positive feedback on course experience_course thank_course thanks_thank great_thanks lot,198,praise for course experience_course thank_course thanks_thank great_wonderful course,0.20725424432282846
250,chuck_dr chuck_dr_course dr_chuck great,"[22, 174]",22,praise for Dr. Chuck's courses_chuck_dr chuck_dr_course dr,174,praise for instructor Dr. Chuck_chuck_dr chuck_dr_programming,0.12824205789283272
