T_id,Topic_ID,N,Macro_id,Coder_A_label,rep_doc_1,rep_doc_2,rep_doc_3,rep_doc_4,rep_doc_5,Coder_B_verdict
T147,74,909,1,feedback on AWS Machine Learning courses,Good course for AWS Beginners,A very good introduction about AWS ML services,Great for benningers in AWS Machine Learning,,,accept
T133,107,615,1,praise for blockchain course quality,Great stater for blockchain study !!,Excellent course for blockchain knowledge!,A good course on Blockchain,,,accept
T134,137,462,1,praise for digital transformation insights,digital transformation is a must read for everyone...,Good enough to have a supercial approach on what is digital transformation. Thank you.,Thanks very much for this profund overview of digital transformation,,,accept
T152,138,458,1,praise for IBM Coursera courses,I really enjoyed learning during the course. Thank You IBM & Coursera.,I really enjoyed learning this course.Thank You IBM & Coursera.,"Unfortunately, this particular course dissonates a lot from the previous ones made by IBM on Coursera. The material is very poor, the narration is very fast (we're not all native English speakers!) and most of the time it doesn't match what we see on the screen. It's completely confusing, it's impossible to aprehend any information on these videos. The study case is far from a good example to be understood, it only makes the classes even more confusing than they are.The notebooks are of very poor interaction, and even the quizzes and exams are not pedagogic. I really felt very much frustrated with this particular course and I hope no other will be as bad as this one, as I felt I had just wasted time and money doing it. I really felt like I've learned nothing from it. Reading the ""IBMOpenSource_FoundationalMethologyforDataScience"" 3 times and then making an exam about it would be 10 times more effective learning than wasting hours on this terrible course.I am really shocked with the lack of quality of this particular course, comparing to the other which are simply amazing. Please, substitute this course ASAP for a good one, because I am sure it is lowering the overall quality perception of anyone who is following the 9 courses to reach the certificate.Sorry about the honesty, but it was very hard to go through this course. I am still shocked about the difference between this one and the others IBM has offered.Thanks!",,,reject
T143,173,327,1,praise for Google and its courses,"First of all I joined this course just in a wonder Oh it's Google's course and I successfully completed my first week and after that I took a break, which was definitely a long break from continuing this course and then the deadlines was approaching closer and closer. I started to learn from there. And it was getting interesting day by day. I finished my week 2 by 5 days and week 3 & 4 by a single day. Week 5 was gone in a FLASH and completed my week 6 TODAY!! THANK YOU GOOGLE and the MENTORS for this wonderful course","It is so marvellous to realise how capable I could be when I am being taught by trailblazers like Googlers themselves. The exercises are very helpful and they help me to stay alert and challenge my thinking about technology. I am very sure I am going to work hard to complete the course in the shortest time as possible. I cannot wait to recommend this program to my friends and family. Thank you, Google, very much for exposing or unearthing my technological talent because I never anticipated I could come to this far considering my background in technology. The courses are very insightful. I like the way Google has simplified complex tasks to the level of a novice like me.",One of the worst courses I've tried.DO NOT PAY FOR THIS!!Google is using their reputation to make money. The speakers are just reading information from a teleprompter. They seem more interested in their tight t shirts and muscles than actually teaching. Not to mention the numerous mistakes they make while reading; one would think Google went to a gym and picked up a bunch of people to read some tech stuff someone wrote in 5 minutes.There has been no effort put in to make this course a learning experience and that is evident within the first week of material itself. The courses on udemy are a million times better (literally) with instructors who are passionate about teaching (Check out Mike Meyers on Udemy). Thankfully I enrolled in this course with the 7 day trial period. Out I go. I still feel cheated because I invested my time and effort into really learning because I trusted Google to put out good lessons. Then I went onto Udemy and saw what good lessons actually were.WHAT A SCAM!,,,reject
T149,182,307,1,positive student experiences in cloud computing,Very Good Course for them who are interested in Cloud Computing.,"Previously,I know nothing about cloud computing.But now I know about cloud computing.",very interesting platform for cloud computing.,,,accept
T112,42,1313,1,requests for more coding practice,"A perfect course to get familiarized with coding. The instructors are just fantastic! They keep the course fresh with posting to the forums regularly and with holding live hangout sessions. There are also interview videos with professionals about interesting IT topics. The course videos are understandable and the topics are clearly formulated. The course helped me understand the foundations of coding, which two semesters of university courses could not accomplish. I am really satisfied with the knowledge I got and I will continue learning to code. I definitely recommend this course to anyone who wants to start a journey into the world of coding.","The course was pretty good for a beginner. The instructor was very clear and explained all the concepts in a very easy to grasp manner. However, the entire course could do with more coding exercises. Concepts such as joins, group, etc could be better understood if there were more exercises. Also, during the coding exercise (at the end of the week) it would be really helpful if correct answer and an explanation would have been provided. Having said that, its really good for beginners and I would and have recommended this to others.","I enjoyed this course, and the learning materials and instructor is great, but I felt that quite a bit that was covered (like the Twitter URL and API) required me to accept a number of principles/code that seemed to be a lot more complex than my beginner level could really engage with. When the assignments came we were given sample code that was 80-90% usable in our assignments. I did not feel like I was learning as much when I did not have to write my own code but just changed one or two lines...I also did not feel comfortable to attempt my own version as there were so much (given) code that I understood the reasons for but not really how to use it differently myself.",,,accept
T120,131,477,1,positive feedback on learning platform,It is a very good platform to learn :),it is a good platform to learn,very good platform to learn,,,accept
T107,246,204,2,feedback on basic statistics course,"Dr. Peng and colleagues communicate well and provide a reasonable overview of the R platform. I took this class hoping to take my reasonable prowess in Stata and bring it to R. The biggest gripe I have is that the course stuck almost entirely to how to program in R rather than how to perform statistics in R. Given that the historical purpose of R as described in the course was to start using it for statistics and then learn additional programming as you go, this approach to the course seemed a little backwards. I have a reasonable working understanding of R as a programming language but now I am on the lookout for a course that can let me apply my statistical knowledge to working in R.","This course was excellent, the teaching material top-notch and with excellent pedagogy. It's amazing that the course authors offer a statistics textbook almost exactly covering the course content for free. The idea to combine R and statistics is right on the money too, thanks to this one can learn 2 skills at the same time, with statistical analysis letting you practice coding in R and R helping you visualise your statistics. The lectures are divided into small, easy to absorb chunks and the teacher does an excellent job explaining the material, giving very good examples and analogies to help the students understand concepts. The exercises and assignments are fun to complete, and the course offers a flexibility in how much time you spend on it per week, e.g. there are non-mandatory exercises to do.","Best statistics course I've ever taken. So many Aha! moments I can't count them. I have struggled for years to understand and get the hang of statistics, at uni, with online courses and at work. With this course (and the following courses) I think I have finally gained a DEEPER understanding of some of the basic but very important concepts of statistics. Lots of detailed examples and no overly complicated maths gibberish (although still mathematically sound!). The R programming bits run in parallel to the statistics lectures and can be followed (necessary for a certificate) or can be ignored (if you only want to grasp the concepts), but are overall very easy to understand and follow. There is only little background to R as a programming language and the different types of data, lists, matrices etc. To me that's a good thing, as it allows you to use R right away (which in turn makes me more motivated to go back and learn more about R). I whole-heartedly recommend this to anyone who wants to understand and use statistics!",,,abstain
T85,92,705,2,praise for pandas course effectiveness,"Well, I was new to Python. And This course has great material and helps develop decent skills in working with Datafarmes, Series, and Pandas and Numpy libraries. Overall, I am happy with What I learned. But there are a couple IMPORTANT points to consider:1. The assignments requires a huge amount of self-study and it takes way more than the suggested time to complete. 2. The assignment grader may act up or be very picky on data types and do not credit you for the right answer3. The course can get very frustrating as the answer to the final question of assignment#4 determines whether you pass the course or not (it is 50% of the total grade!!). Although, you should be able to get to the right answer through the tips in the forum, it is really hard to figure out the solution on your own since there are many rooms for little mistakes which lead to the wrong answer.Suggestion: I think the questions should be designed in a way that there are small points for each step of the solution. So, We get to the solution step by step. Having 50% for just one final answer is not reasonable and makes it frustrating for the students.4. The course subscription is monthly and it makes it even more frustrating when you are stuck with a wrong answer that holds up course completion. I think where huge effort is required to pass the course, having a monthly subscription rather than one-time payment for the course, is not a good incentive at all, but it is very frustrating when you get close to the deadline and can't fix your code to get the answer. Finally, I want to thank Dr. Brooks and staff (specially Sophie) for the good course. I would like to sign up for the next course in this specialization. But I am debating since I don't want to get stuck with the unreasonable monthly subscription method and frustrating assignment grading system. Thanks,Ershad","IN SHORTThis was a great course and I learnt a lot! Topics covered include a quick reminder on intermediate python and lots on pandas and some numpy. The weeks 3 and 4 assignments are quite challenging so expect to spend considerably more time than indicated on the course site if you're not experienced with python and pandas. This course is not for coding newbies.IN DETAILI am proficient in R for data analysis and had dabbled with python before although had no experience with pandas. I was committed to learn the course material and to spend a substantial amount of time doing so. The speed of lectures is fast. I paused often to take notes and to try out the provided notebooks, and I returned to some of the videos when working on the assignments. I found the course assignments good and challenging. The lectures give a good tour of different functions and approaches you may want to use in the assignments, but there isn't much handholding with the assignments and you'll most likely spend quite of bit of time looking things up online in pandas docs and stackoverflow. If you're used to that and generally troubleshooting code, you'll probably be just fine. I spent much more time on the assignments than what is estimated on the site: ~5h for week 2 (vs 1.5h indicated), ~1 day for week 3 (vs 2h), and 2.5 days for week 4 (vs 4h).Week 1 gives a refresher on how to write functions, list comprehensions, and lambdas in python. If you're familiar with writing loops and functions in other languages, with this material you will get to writing them in python quickly if you invest a bit of time and effort. If you're not yet at the level of confidently writing functions, loops and vectorized alternatives in python or another language, I'd recommend starting with a different, more basic course because the learning curve with this one might be too steep.Week 2 gives the ins and outs of pandas including creating and querying pandas series and data frames.Week 3 covers merging data frames, grouping (groupby) with aggregation (agg), applying functions rowwise (apply), and pivoting data (pivot_table) etc. It also gives a whirlwind tour of date/time manipulation using pandas. numpy is also included.Week 4 has some lectures on distributions and more on numpy. The week consists mainly of the main project assignment where 50% of points are given on data cleaning and munging (contents of weeks 1-3) and the other 50% of points are on modelling and hypothesis testing. It's quite a proper project in the sense that you're given a number of non-clean data files scraped from different places and a hypothesis to test. There are some additional instructions on what format of cleaned data to produce from the different files and what type of test to perform, but for the rest you're on your own.","Very good content. One downside for me was that being new to Python, Pandas, Numpy, Scipy etc, I found the amount of new information being thrown at me to be a bit overwhelming. Each of these languages/packages could be a separate course even before you start talking about Data Analysis concepts. I was able to complete all the assignments, but I feel like I know ""just enough to be dangerous"".Speaking of the assignments, if you're a newbie like me, give yourself plenty of time to complete to work on them. My rule of thumb was to multiply the ""estimated time"" for each assignment by a factor of 4. The assignment that was supposed to take 2 hours ended up taking my whole Saturday and the 4 hour project at the end of the course pretty much consumed an entire weekend. This might not apply if you have previous experience in this development environment or are just smarter than me ;-) Not everything that you need to know to do the homework is provided in the lecture, so expect to spend a lot of time in StackOverflow. The discussion forums are also very useful. Sometimes a teaching assistant will offer some hints that make all the difference.One gripe I have is with the automated grader. It's a great idea, but sometimes you can submit a fairly complicated bit of code and the only feedback you get from the grader is: ""Wrong!"". My suggestion: have two data sets, one for testing and another for grading. Then students could openly discuss and debug their test results in the discussion forums without violating the Honor Code. They would still have to submit a valid algorithm to pass against the test data.",,,accept
T98,85,777,2,praise for intuitive linear algebra explanations,A perfect course to start with linear algebra,great intro to linear algebra,This course gives me geometric intuition of linear algebra,,,accept
T102,219,259,2,praise for instructor Dr. Charlie,great course as a start for vba,"Programming VBA for Excel requires three skills; knowledge of the application object model, knowledge of Excel, and knowledge of programming. Even skilled programmers familiar with Excel can be overwhelmed when tying all three skills together so creating an introduction class for the novice is a challenge. This course succeeds at not over whelming the student.This course takes a balanced approached and gently guides the student into a dance with the subject matter using some very interesting techniques and examples from typical engineering problems. It covers the right amount of instruction for the VBA editor and the interaction of data and variables between the editor and Excel. It covers functions and subroutines, the scope and types of variables at a useful enough level, without getting too deep. Because the instructor is an engineer he includes several simple but powerful numerical methods and the use of both Solver and GoalSeek into the course. Since I am an engineer and enjoy numerical methods I especially like this and would enjoy a course that might be described as “Numerical Recipes in VBA” .I would recommend this course to novices seeking an introduction through to experienced users wanting a deeper understanding and foundation for future work in VBA for Excel.",It's very interesting course to learn VBA,,,reject
T88,2,7024,2,praise for introductory data science course,Good course to understand Data science and Data scientist,"I do not having any background of Data Science but after go through this course I am having a good understanding about what is data science,what skills are needed to become data scientist etc.Additionally, clear all my confusions .Now I am aware about the correct path to learn data science,also what qualities are required to become a Data Scientist i am also aware about that.A very good experience i had about data science after go through this course.All real life scenarios are discussed and real life experiences are shared by various data scientist.Excellent course with a very good content for beginners who do not anything about data science.If anyone is having a little bit knowledge about data science then after going through this course you should know what are the areas in which you can improved, a correct path to build a carrier in data science.",It provides a very good introduction on what Data Science is and what a Data Scientist do!,,,accept
T103,220,256,2,praise for matplotlib course experience,"While the data visualization tools outlined here are valuable, the final assignment for this course does a very poor job of assessing the things that were actually taught.Early on, you are assured that the course will emphasize the scripting layer of matplotlib, rather than the more complex artist layer. In the final assignment, however, you are instructed to use the artist layer, and configure many parameters that were never covered in any of the labs or videos.Likewise, utilizing geojson files for choropleth maps was covered in the most cursory manner - you are never requried to open a geojson file, or understand how it is configured. You just load it in and carry on with the assignment. However, without understanding the setup of a geojson file, no student is going to understand how to properly configure the key_on parameter when making their own choropleth map for the final assignment.The ability to actually create a graph from a set of data is perhaps the smallest part of the final assessment. Everything else is fussing with irritating details, often details that we were never taught about in class.","Course materials are more than 4 years old. That describes not only the videos but also the age of the various Python libraries that you will be working with. The charting and data visualizations discussed are the really the most basic kind that you might find more easily executed in Excel or Google Sheets. My idea of data science visualizations are not bar charts, scatters, line graphs, and box charts.The age of the course also means that there will be almost no discussion of more contemporary data viz libraries like Seaborn or Plotly or ones I may have never heard of as this course sought to cover the most basic elements of matplotlib. Nothing presented I would say rose to the current professional and academic standards of data visualization.","A good course that could be better.I think that this course provided a reasonable introduction to Matplotlib, but the lectures need to go a bit deeper and provide more examples. The course left too much of the work to the student. [For your reference, I have a PhD in Mathematics, taught for several years at a highly selective undergraduate college, and have extensive experience in industry as a Matlab and SAS user.] The homework assignments were substantial, and I enjoyed doing the final assignment which required merging two or more datasets using Pandas and then Matplotlib to plot relationships. The course website provides estimates of the number of hours required to complete the assignments, but these were gross underestimates because so much about Matplotlib was left to the student. I would have preferred a bit more lecture time, more examples, and a few side tutorials on using Jupyter and notebooks (how to download and upload), especially since we were grading the code of our fellow students.",,,reject
T93,199,282,2,praise for database beginner courses,"Prof. Mannino is brilliant in structuring this course about Database Management Essential.You really end up with a strong and structured understanding of the essential concepts of relational databases and a bit of practice.You learn about: table creation, then SQL Queries, then ERDs, then translation of ERDs into tables, and about database normalisationThe concept of Functional Dependency and Normalisation is a tiny bit short in my opinion. At the end of the course, I'm not sure I really understand BCNF Normalisation... That could be improved!THANK YOU TO PROF. MANNINO!","Database Management Essentials can be a very helpful course for students who want to learn the basics of database design, entity relationship model, and SQL. This course has sufficient theory related materials and practice problems to not only develop a good understanding but also implementation skills. Michael Mannino has been very good instructor.Since I have had some knowledge about SQL prior to this course, I expected to gain more than simple SQL related skills from this course.","The course offered me an incredible opportunity to re-learn some of the foundations related to Relational Database Management Systems, especially some of the standard SQL commands (CREATE TABLE, INSERT, UPDATE, DELETE & SELECT), guidelines for effective query formulation, Entity Relationship, and Relational Diagrams, and normalization (especially the Boyce-Codd Normal Form)...Professor Mannino did a fantastic job in explaining the course materials as well as the practice problems and assignment questions did allow me to strengthen and test my skills... The community was also really helpful and kind...",,,accept
T84,88,759,2,mixed feedback on course content focus,A great course to learn Data Analysis using Python.,"This is a very good course about the basics of data science and how python can be used to facilitate data cleaning and handling. I am a beginner with very limited knowledge of python (I had read some basics). The course takes you step by step through the use of python libraries and commands mostly used in data science. I would like to point out here that the assignments post course completion were a bit challenging for me as I am a beginner, which is good. This is because I had to research and learn a lot of stuff to complete the assignments apart from the course material. Looking forward to more such courses and assignments. Kudos to the teaching staff and Coursera team :)","I really like Prof. Brooks's way of teaching. He developed a very good introductory level course. Apart from some talks about data science in a whole, he concentrated on the preparatory work in this field -- data cleaning. Instead of delving into theories, he paid most of his attention to how to make things work by using python. I actually have a background in C, and I was a bit reluctant to learn python at first since C is already strong enough to attack most tasks. However, I have fallen in love with python now, and I think it is a much more suitable language for daily use especially when your projects aren't very large. Among its many merits, the best thing about python is of course its numerous libraries like numpy and pandas which free us from tedious low-level programming. I am quite convinced that I will move to python from now on.In addition to lectures, I truly recommend you go over extra reading materials. Those articles are very thought provoking. For example, the first one ""50 Years of Data Science"" totally changed my previous view towards this field. It made me realize that data science is not a simple combination of statistics and machine learning, that it is a distinct way of obtaining new knowledge, and that its advancement shall benefit the whole science society.About the assignments, those taught in the lecture are not enough and you should refer to python documents and stack overflow. I think knowing how to solve problems and where to find help is more important than solving problems itself, and that's why I consider those assignments well designed.Finally, thanks to all the efforts made by the teaching staff.",,,abstain
T238,194,285,3,feedback on business metrics understanding,Great introduction to business metrics.,Great introduction to the Business metrics!,Great introduction to Business Metrics!,,,accept
T227,190,292,3,positive feedback on project management course,"An excellent introduction to initiating and planning projects for which you are PM. The material was presented in a clear and precise way with frequent reference to PMBOK, allowing further study and reading. I feel like a gained a good overview for this stage of a project as a PM.","Doing this course 'Budgeting and Scheduling projects' gives learners, a practical approach to Project management based on PMBOK methodology. Prof Margaret Meloni is a great teacher. Students will enjoy her crisp and clear communication of ideas. Slides are well designed. Video quality and sound quality is also great. You will encounter lots of good quality reading materials. Quizzes will help you to test your knowledge as you progress. Overall, an excellent course fit for project managers and project team members who work for construction projects. Also good for the aspiring project managers. Thanks to Prof Margaret and UC Irvine for the great course.","If you're looking to brush up or learn some project management fundamentals and learn a little about the Project Management Body of Knowledge (PMBOK), then I recommend this course for you. If you already have some experience and confidence as a project manager, then this course may be too fundamental for you. This course covers a lot of the material from the ""initiating"" and ""planning"" stages of the PMBOK guide. There's also a good section on authority vs. influencing and managing conflict. The professor is great. I would be interested in some more involved exercises or projects though, as the exercises are more so just a reflection question accompanying each week's lesson. The class may be significantly enhanced by the optional reading, but, having not purchased those books, I can't say.",,,accept
T223,166,349,3,enthusiasm for entrepreneurship learning experience,A great introduction of entrepreneurship,This course is very helpful for entrepreneurship,"I have understood the whole business process right from conceiving an idea, Market Research, startups, Risk factors, Creating Business plans, and marketing through social media, Investment sourcing, through social media, Venture capitalists By presenting with necessary stuff like business plans, market research and business plan and financials.Not just the above business process, as well as i have improved the Business vocabulary.Even if you are an entrepreneur already, this course will help you understand more about the entrepreneurship.Thanks Coursera Team.Jeyakumar Subbiah",,,accept
T233,87,764,3,praise for financial accounting course,Professor Brian Bushee is amazing! I was completely new to financial accounting. Every single term was new to me and the way he teaches this is outstanding!,the best financial accounting course on Coursera,Thanks Professor Bushee for making Financial Accounting fun and easy to learn!,,,accept
T219,129,497,3,feedback on human resources course experience,really a great course that everyone who are aspiring to enter into the field of human resource. special thanks to john budd sir who introduced the human resources strategies,I Would like to thanks our honorable course instructor Professor John W. Budd. I have learned so many things about how to preparing manage human resources.,"This course is the perfect basis in learning how to manage Human Resources. John Budd is engaging, funny, and shares an array of valuable information. I have left this course prepared with the knowledge of various managerial styles, why they work (and when they work), HR laws and how they differ from the US to other countries, and employee motivations (both monetary and non-monetary).",,,accept
T220,139,452,3,praise for Agile software methodology learning,"The Managing an Agile Team taught lessons were key to aligning essential Agile principles, and practices to non-software development business processes at my workplace. Applying Agile principles to achieve a highly functional team in the construction industry, seemed far fetched but these Agile practices have proved to produce very effective results over the years in building highly functional teams, robust to change, hence my desire to give it a try. This course has created the clarity I needed to apply Agile principles and practices to company processes, especially in a non-software development field, to achieve efficiency and save cost at work. It has also built up a series of ideas needed to approach a non-Agile friendly environment that suffers from very low alignment with some sort of autonomy.","I am not new to Agile Development, but i had no idea what to expect about Design Thinking. Alex Cowan and this course helped me a lot not only with more than a basic understanding of what Design Thinking is and how to use it with Agile, but it also showed me how to improve my way of working with Agile itself. I am now appalled by the user stories i wrote up until this course. I strongly recommend Agile Meets Design Thinking to any Agile practitioner, Product Owner, Product Manager and Project Manager.","I was able to refresh my knowledge on Fundamentals of some software development processes and practices used in the industry today. Deep dive into Agile practices using some popular methodologies such as extreme programming (XP) and Scrum and the practices they implement.Emerging software practice called Lean software development, learnt how Kanban is used within lean to track a team's progress and ensure that everyone is following a Just-In-Time production strategy.It was a wonderful experience taking this course as part of my software product management specialization. The ideas are intriguing.",,,accept
T232,21,2144,3,praise for corporate finance course,Very good course to understand the basics of Corporate Finance.,"This course helped me to understand financial markets, instruments used in the financial market. I believe that after this course my understanding of the financial market improved a lot.","I don't have a finance background so this course has opened my eyes to the world of corporate finance.I like how well-thought-out Prof Michael is in designing the course in which all topics flow nicely from week 1 to week 4 and how each concept introduced is interdependent to create a solid financial analysis that people can use to determine the valuation of a project or an investment. However, I'd have rated this course 5 stars, had there been more quizzes, hands-on assignments or final exams that require students to use tools and concepts learned to forecast cash flows and figure out the valuation by themselves. I'm a hands-on learner and although I got 100% from this course I'm not certain I actually understood everything and that I could go out in the real world and start doing some mini financial analysis.Overall, it's a good introductory course and Prof. Michael's pace of explanation is nice. I'd recommend people who want to know the basics of corporate finance take this course only after Accounting course to understand the terms used in the course better.",,,accept
T211,41,1314,3,positive reviews on project management courses,A good Course for Project Planning and Management,Good introduction to Project Management!,Good course to learn project management,,,accept
T245,249,201,4,theory versus practice balance concerns,"Some people might say that it has lots of theory, but I find that the theory is delivered in a way as succinct and impactful as possible within the short video time. Do read the written material to understand the intricacies of the in-material jokes!",Good balance between theory and practice.,good balance of theory and practice,,,accept
T240,35,1482,4,positive feedback on clear explanations,nice explanation and easy to understand,Excellent coverage of the topics. Concepts were made clear and easy to understand.,"Very clear explanation and details are quite exhaustive, all the minute details are explained in detail in simple English. Nothing is taken for granted during the explanation of the concepts.",,,accept
T249,115,575,4,positive feedback on course experience,It was amazing experience for me. Thank you.,It was an amazing experience. Thank you!,"It was an amazing experience, thank you so much",,,accept
T250,225,248,4,praise for session quality and engagement,its great session for me and i enjoy this session alot,"good session, much informative sessions",Very interesting sessions and informative session.Thank you everyone,,,accept
T242,59,1049,4,mixed feedback on course information quality,A lot if very good information and presented very well.,"Really informative, and very easy to understand.","Informative, interesting and engaging, highly recommend.",,,abstain
T241,58,1049,4,praise for course content quality,great content and very easy to follow,"GOOD CONTENT, easy to understand",Good content and easy to follow,,,accept
T248,105,625,4,mixed feedback on course difficulty,It was difficult but worth the effort.,"Very interesting, a little challenging but worth it!",a little bit challenging but also interesting!,,,accept
T244,146,427,4,praise for course material quality,"Good material, easy to understand","Great material, easy to understand",excellent material and very good explanation,,,accept
T154,38,1370,5,praise for Dr. Keith Devlin's teaching,"This is one of the most terrible courses on Coursera. Thank God I received it for free and wasted no more than 3 days. The instructor cannot impart knowledge well. The course itself is not meant for beginners. So be careful before wasting your time and (money). The presentation is sub-par. What the instructor writes and speaks can only be understood by him. Somehow you will be able to drag through two weeks of material. But when you reach the third week, you will realize that you have wasted your precious time. The formulas are just rushed through. And the new terms are not even explained before being introduced. If you are not fond of complex calculations, kindly opt-out. Don't believe me? Check out the discussion forums, the people there have no idea either. They just type random stuff to see what others are typing. The instructor's accent (Indian) makes it worse. And trust me, this review is coming from an Indian. I don't know what's it going to take for me to convince you, but the fact that it was pretty low on ratings on classcentral.com and other things should give you a clue. Also, I wouldn't waste so much time to convince you guys. It's not worth it, even for free! To be honest, this course makes a mockery out of Darden School of Business. Check out other courses from lower-ranked colleges, you will be surprised how fun it is to learn using MOOCs. Thank you for reading such a long review but I think everybody should know what lies ahead!","It really was a different perspective to mathematics, and I enjoyed working with proofs and entering the world of mathematicians where even simple problems may have rigorous proofs. It was novel to view how these fundamental proofs have shaped the current state of mathematics today. Dr Keith Devlin was very efficient at teaching and I understood everything in the course and trusted his method even when the beginning weeks were very simple because he felt really knowledgeable and reliable. I would recommend this course to anyone who is interested in mathematics or wants to explore another side of mathematics that we wouldn't ever see in school.","I took this course as a refresher for maths rules I had seen in university, so my experience does not relate to those who will encounter this topics for the first time. I honestly do not recommend this course to beginners with no background in mathematics, because there is not much space given to theoretical explanations of the principles here. The course feels more like a quick slideshow of rules (logaritmic manipulations, exponential manipulations, conditional probability manipulation) followed by exercises to practice them. This is a stark contrast to my University Experience, where mathematics is about principles, logic and the demonstrations that underly theorems and their validity (e.g. ''why is the formula for combinations of ""m draws on a set of n"" built this way?''): deep study of these topics provides students with the mental skills to build a MODEL of whatever they come to face in real life. You may forget the rules, but those can be freshened up by a course like this. To build Logical and thinking skills instead requires a deeper understanding of mathematics and its underlying principles. I hope the professor who recorded this course will look forward to an opportunity to devise a deeper mathematics course to tackle these topics. Good luck to all fellow learners and thanks to Coursera for this opportunity!",,,reject
T159,150,404,5,praise for theory and practice integration,Excellent course. Great balance of theory and practice.,I really liked this course. It has a good balance between theory and practice.,Great course. Very good balance between theory and practice.,,,accept
T184,184,304,5,issues with course discussion forums,"I thoroughly enjoyed the course and discussion forum was very helpful to progress. However few improvements is required to have better user experience 1) The content should be upgraded to latest python 2) Since the course recommends Graphlab, there should be up to date detailed instructions to install the same ( disclaimer that this course is not about software....is not helpful to progress) 3) No response is discussion forum - there's no responses provided to the queries. I do understand many questions in discussion forum is repetitive and someone may find the answer by scrolling through long unstructured hundreds of responses, however this is not efficient.","Why is this course dangerous?I took this course because first I liked the idea to have a history lesson spanning the age of the whole universe. Maybe it is also intriguing to explain everything just with one principle: the second law of thermodynamics. BUT as it turned out they don't have any clue what this second law of thermodynamics means. They always forget the second part of it: it is just valide in a closed system. I think everbody will agree, that the earth for example isn't a closed system.In the beginning they tell you you should be critical about everything new you hear or get taught. But if you are critical and question things they teach you they will ignore you. One glance at the discussion forum shows: they are fast in answering good feedback and compliments by students, but critical questions (with scientific papers who show different facts) get ignored for weeks and months. They are cherry picking. They just see what encourages their view and their opinion and ignore everything that contradicts their course, opinion, believe and dogma. In this respect they are so dangerous. That is the same principle how cults work.Maybe their goal, stopping polluting and changing the world in such a speed seems to be a good one. But also here you have to be careful. When they talk about climate change and the overuse of ressources they are exaggerating by a factor of 50! In my opinion you are damaging an important discussion if you are lying and exaggerating in such a shameless way. For sure it is not helpful! But again, the truth doesn't fit in their world view. Furthermore they ""teach"" that cities get blown away by taifoons is caused by the ""universe balancing entropy"". This isn't just lack of understanding physics, or history, or flow mechanics, it is just insane.In summary: this is not a history course, but the ""teachings"" of a lying, exaggerating, cherry picking cult with no knowledge in particle physics, cosmology, chemistry, biology or even history.So please: if you take this course, be aware of this pitfalls and their intentions.","Very difficult. Harder than pretty much all of the courses I've taken in college, more or less, based on how much material is covered and the amount of research you have to do on top of the lectures in order to just get a passing grade on the assignments. Definitely a grad level course, probably harder than most grad level courses I've taken in college just for the amount of effort needed to get a perfect score on all assignments (unfortunately it depends on how good of a computer you have to run your solutions). The challenge just makes it even more fun. Lectures barely covers anything needed to do the assignments, which just gives you a surface level introduction to the concepts needed to solve the problems. The discussion forum is crucial to getting good guidance on how to solve the problems. Pretty much all of the assignments involved doing your own research and reading a bunch of problem-related research papers to figure out what you want to use for your own implementations. I had a blast learning, and thank you so much for offering this course on coursera.",,,accept
T167,217,264,5,praise for Professor Louis Bloomfield,"'How Things Work' is undoubtedly the best introductory physics course I have ever taken. Professor Bloomfield makes physics so much fun to study and motivates students with his empathy. As I'm a physics teacher myself, I intend to enhance my classes with this revolutionary way of teaching, by using everyday examples to maximize students learning. Thank you very much professor Lou!!! =]","This course is brilliant, because it has the potential to reach the masses of individuals that would otherwise be left out of the world of physics. I'm talking about students that think they are too busy, too slow, too old, not smart enough, etc. This is an 'at your own pace' class, which I really appreciated for learning concepts in physics. The way this course accomplishes this amazing feat is by presenting everyday physical actions like dropped balls out of three story windows, or manned wheeled carts gliding across the floor, or bumper car physics explained with air hockey games, and then explaining the laws of physics that are behind the 'actions'. Knowing the physics behind what we see everyday is so enriching, and my eyes are much wider now. This course, taught by Dr. Louis Bloomfield, is also amusing and entertaining, as Dr. Bloomfield races up and down the steps of the empty University of Virginia Physics building for the dropped ball gravity experiments, or crashes himself (standing on a wheeled cart) into the wall to illustrate energy and momentum transfer. (he has really good balance and stamina!) I really hope there is a 'How MORE Things Work' soon! My appetite is whetted.","This course was exceptional, outstanding, and unprecedented. This course truly deserves appreciation. Professor Louis Bloomfield has left me in awe of his exceptional work. His hard work, dedication, commitment towards the course and to deliver knowledge voluntarily for the benefit of students is highly commendable. I am an Engineer and have taken a number of Physics courses in school, college, and university, this one is way ahead of them. I have also done a few courses on Coursera and have found this course the best till now. It is highly recommended to anyone who genuinely wants to learn Physics and loves it. The people who have no prior knowledge of Physics can also take this course to learn its basic concepts in an amusing way. Believe me! you will not find a better Physics professor than Professor Louis Bloomfield.",,,accept
T188,36,1390,5,praise for Professor Bloom's psychology course,"I got my certificate completing my course with 96% of accomplishment. I am so excited and happy to achieve this step and just from the first attempt. Before the course, I was alien to the social psychology field, even though it had attracted me much. I am a political observer, and after a while of being in this field, what I found to myself my work doesn't satisfy me in its evident form. Policy, economy and culture - the fields linked to people, need a psychological approach. Trying to find answers to all inconspicuous through social psychology, we can actually understand the reasons standing behind the hidden curtains. There are a lot of problems that need different approach precisely by exploring the psychological factors. Our world is a picture of our thoughts. If we people feed our thoughts and feelings with hatred and offence we will cultivate villainy and atrocity. Unfortunately, we are aware of our fundamental essence what is created by God. I cordially believe in one person's power. I believe in one step, in one opinion, in one insight and in one perception. A building is starting from one brick. We are all humans that one brick of colossal construction. I summarised what I have read and watched throughout this course, that helped me a lot in constituting my life roadmap, came to the conclusion that actually all researches are based on the principle of one man and one decisive step. It was a miracle journey to my inner me, my self-world. I warmly thank Prof. Scott Plous for his comprehensible and smooth style of narrating and rich sources presented for student's use. I recommend this course to all who wants either discover to understand ""Who am I?"" or predispose to make a significant and salient step in their life. My sincere respect and best wishes to Prof. Plous and all Coursera staff! Thank you for such a fantastic journey :) Best regards, Afsana Ibad Mammadova","This is a great intro course to psychology, which kind of accomplish my dream of being a psychology student. The course gives a general structure of modern psychology. Besides that, it gives how it becomes modern psychology. Also, Professor Bloom is so knowledgeable, I wish I can take one of his class at Yale some time in the future","I am grateful to have had the opportunity to take Introduction to Psychology with professor Paul Bloom. It was an engaging and challenging course, and Professor Bloom has extensive and impressive knowledge of the subject matter. I have learned many new concepts and now understand how to listen and read the assigned materials more thoroughly. I would recommend this course to anyone who is considering pursuing psychology as a major. This course provides an extensive but condensed look at what to expect in other psychology courses.",,,accept
T209,158,366,5,positive feedback on energy course aspects,Great introduction to Wind Energy.,This is a good course about the wind energy and its utilisation.,Great course to get iniciated with wind energy,,,accept
T181,144,434,5,praise for engaging history instruction,"Big History: Connecting Knowledge is a fantastic course. Big History should be a required component of the modern education program. It offers a big perspective of past events and promotes and understanding and appreciation of the various fields of knowledge that help us understand the world around us. In light of the near-future challenges facing our world, this course has arrived just in time. It offers a valuable tool for understanding world education and culture. I am delighted that Dr. David Christian lead the wonderful team of teachers for this class. And of course, John and Hank Green were a special treat. Many thanks to Coursera - one of the great things to come from the internet.","Great course that gave the big picture of how we the modern world got started. I liked that prof. Zelikow tried to convey why things happened, and the interrelationships of various events in world history.","This is the longest course that I have completed thus far on Coursera. I have to say, overall, this course was a comprehensive, intriguing and informative experience. The professor comes off as very engaging and knowledgeable. I would never tire of listening to his way of explaining things. He does a great job at breaking down events in history into digestible chunks that link together cohesively. He really made me see history as a series of events and decisions that all build up on one another. One particular aspect I appreciated was his use of art as examples. He did a great job selecting art pieces and contextualizing them to the topic we were covering. It definitely gave me a deeper sense of the concept that he was addressing. Moreover, I appreciated the fact that this wasn't as Euro-centric as a lot of world history courses tend to be. He introduced me to some things I either never heard of (King Leopold's atrocious plundering of the Congo) or things that have never really been fully fleshed out for me (the slave revolts in Haiti ). He does a great job at making those key connections that help you explain why it something happened. For example, how the Louisiana purchase was not just sold by France willy nilly but that it was due to their defeat in Haiti that led them to sell the territory to the United States.Moving on to some cons that attributed to my 4-star rating, I'd like to point out two cons. The first is that I felt there wasn't much in the course besides watching the lectures. As insightful as they may be, I would have liked more reading material to follow up on topics discussed. Additionally, I would have liked discussion prompts here and there so the learner can make sense of the information by writing it out and discussing it with others. There were times I felt it was much too passive. I know there are discussion boards for this course, but it's not the same as them appearing after lectures like in other Coursera courses. Lastly, the other con that I'd like to mention is the way the quizzes are. A lot of the questions were about overly specific dry facts like numbers, percentages and dates. I would have appreciated more concept-checking questions to see because that's what can really help in assuring the content was received well. Overall, I thought this is a great overview of some major transitions that all seem to lead into the significant clashes of the 20th century. I look forward to taking the follow up course and I thank the professor for taking his time to make all these lecture videos.",,,accept
T185,233,230,5,feedback on meta-analysis course content,"This course is highly recommended for any beginners in understanding the systematic review and meta-analysis. This course offer flexible time to complete as participants can reset their timeline to complete the course according to their study or working schedule. Also, participants are being exposed to exercises and able to learn conducting peer-review assignments. The best thing about any course is the application on the theory based on the healthcare practice in our daily life. The course organizer may want to add more on the applied knowledge in the videos. Overall, this course has given me the opportunity to recognize my capacity of conducting systematic review in the future.",This course has provided an excellent platform to do further Systematic reviews and Metaanalysis,"Very much appreciated the course content and its presentation. Always felt challenged and supported in completing the modules. The course content is well organized and logically sequenced, with clear instructions and use of examples. I especially like the balance in the way that systematic reviews seek to be information-led rather then method led and the inclusion of qualitative synthesis helps appreciate what is considered 'meaningful' nicely offsets any over reliance on statistical significance as the sole criterion regarding the importance of the research outcomes. However, the presentation of this part of the content was tentative and almost apologetic in emphasizing the importance of the qualitative synthesis, yet expressing a sense of uncertainty in how to do it. And sometimes the content got a bit skewed - for example it was stated that one has to be confident in one's judgements in order to make appropriate interpretations. When this kind of inductive process is applied as an assessment protocol it is interpretations that informs judgements, not the other way around (ie in assuming a description - analysis - interpretation - judgment sequence) - after all, one's is being asked for an overall judgement of quality.",,,accept
T23,10,3952,6,praise for Coursera courses,The best course in coursera!!!!,"its very interesting course, thanks coursera team","it was really an awesome experience learning with Coursera, Coursera has given a platform to learn everything ......thankyou Coursera.....",,,accept
T1,3,5681,6,feedback on video length and structure,"Learning how to learn is an important concept that we don't spend enough time thinking about. This course teaches you a bit about the science of learning based on psychological and neuroscientific research, as well as the experiences of educators. It also provides a number of helpful tips that can assist you in understanding and memorizing new concepts in any field. However, I think this course has more ""filler"" than necessary. Some videos will spend 6 minutes making one or two good points that could be made in a minute and half. Personal anecdotes, redundancy, theories behind why certain techniques in learning work the way they do, etc. contribute to this ""filler."" It's not that I don't find some of this stuff interesting, but when I start a video, I want to focus on the fresh subject of that particular video and how it will help me learn. The personal anecdotes and theorizing would fit better in the ""optional material"" section. The redundancy is entirely unnecessary and is actually a bit like ""rereading"" in a way, which is a point the course teaches you is ineffective. Make your point clearly, then test us to see if we understand it. It does not need to be rehashed throughout the course. Further examples and explanation can be provided in the ""optional material"" section if people want to read more about it.Secondly, quizzes should be more difficult. They contribute to an ""illusion of confidence,"" which is another concept that the course itself discusses and urges you to avoid. I honestly feel that many of the questions have such common sense answers that I could've skipped several videos altogether and still passed some units. They could be designed better to see if people genuinely understand the perspectives and techniques that this course offers.Despite my critiques that this course would benefit from some sharpening of the lectures, and more difficult questions, I enjoyed it, and am glad I took it. I feel that I have more guidance in how to approach my learning effectively.","Even though this course covers a lot fundamentals for introduction to algorithm, the course itself is not designed as good as I expected. For starters, the weekly problem designs aren't very good. Some problem statements are ambiguous and not very clear unless you read more than one time or take a closer look at the examples. Often, the input format/arguments are designed to take redundant info. Some problem even has more than one possible correct outputs, which is just confusing for learning purpose.In terms of lecture videos, it's good that there are some classic algorithm problems being demonstrated in the video, however the linkage between how to express a problem in mathematical languages is poorly explained. For example, in the lecture of edit distance, the realization of the matrix was not well explained at all. I personally appreciate a lot of the thorough proving steps introduced in the lectures, however I personally think the proofs are often not well explained to the audience (I also understand that it's more difficult to explain proving steps). Considering the large variety of audience, I would recommend the instructors separate the comprehensive more in-depth knowledge into optional videos, in this way the audiences could decide if they want to spend time in optional videos or not based on their own needs, meanwhile the instructors could spend a little bit more time to explain the difficult concepts better. Overall, I know that talking and analyzing algorithms can be kinda of boring and challenging, but I wish the course videos could be stated in a more interesting and intriguing way.","W. Scott Persons is a spectacular presenter. He speaks clearly and articulates himself in such a way that he can explain a complex subject in an easy-to-understand way. He doesn't speak too quickly nor too slowly. If anyone wants to be a better presenter, they should follow the example of Persons.I like the questions being asked during the video. Sometimes they are just to make sure you are paying attention, but most times they require you to make inferences based on what you have learned, which is great. If you complete the reading material before watching the videos, you should have no problem at all answering the video questions.The reading material is extremely in-depth and very informative even beyond what the videos offer. One complaint I have would be that the estimated time of completion for the reading is inaccurate. They say it takes about 10 minutes but if you want to actually read and get a good grasp of all of the material presented in the notes, it will take far longer. Personally, it takes me several hours to consolidate the material in my head and to take notes. Like I said, the reading goes very in-depth.The reading material also uses anatomical terms of location very frequently. I would recommend learning the anatomical terms of location (rostral, caudal, distal, proximal, etc.) to assist you while you read the notes. Also take some time to learn how to interpret cladograms. One thing that stands out to me is the Tree of Life, which is basically an interactive learning objective that shows how ALL life to have ever existed on this planet is connected. It is an AMAZING supplement to the course and a lot of fun to explore. Overall, I HIGHLY recommend this course to anyone interested in dinosaurs; paleontology as a whole; evolution and phylogenesis; and ornithology.",,,reject
T50,122,534,6,praise for Dr. Peggy Mason's teaching,"Excellent course. Uses lot of examples from daily life and real life stories to explain concepts. Also, Dr. Mason recommends a lot of books and biographies which are related to the lectures. She explains every topic in a very easy and fun way, I assure anyone would love it. There are also many lab classes where you can see and observe the various parts of the nervous system, and they are well linked to the theory classes. This course is not just for people interested in neurobiology but for anyone and everyone. I'd recommend you to go through this course to understand how every part of our body is controlled by the brain, how beautiful and complex our brain is, and how various disorders can be caused by problems in the nervous system. It will also help you understand the suffering of people with neurological disorders, and would help you be more kind and patient towards them.In conclusion, you will love the course and Dr. Peggy Mason and team, and would thank me for recommending the course! Have fun!","I would like to thank Professor Peggy Mason from bottom of my heart for simplifying neuro biology of everyday. I was thoroughly inspired by the content and teaching style. She explained with real time example which made me to understand much more than what I anticipated. Specific description with human brain sample which made me more enthusiastic and keen. Being non-biology candidate, I made myself to aware of few neuroscience terminologies. Perhaps these made me to understand this course more efficiently. I was little bit aware of brain regions, but because of this course now I learnt the functional connectivity among the brain regions in effective manner. Especially, basic understanding of electrophysiology from this course shed light on my research career path. As a normal non-biology student just i want to suggest that, it would have been better if she would have explained the different parts of brain, CNS and PNS with major functionality and in the initial class itself. It would have been even more effective if all these brain regions, she should have shown at a time in one video so that naive students like us can correlate later. Anyways Thanks a lot for professor, organizer and coursera team for giving opportunity to accomplish this course successfully","If you are looking to learn from a gifted professor, if you want to walk away with a lot of knowledge, if you need a new way of looking at neuroscience, or if you want to be hooked on the subject, look no further. The large international community of learners is really friendly and motivated, too, so as a bonus, you may find new friendships. Dr. White (Len) needs to be a name as familiar to neuroscience as Dr. Goljan to pathology or Dr. Fischer to internal medicine, and you will see why when things just click in your head and when you finish with more understanding than from other courses; he is just such a great teacher. A glimpse of his brilliance as an instructor is when a learner walks away successfully with the knowledge of a medical student and can apply that to research or a clinical situation. The examples that Professor White lectures stuck in my head; the pictures he selects or the ones he draws are easy to recall. Neuroscience is a visual subject as much as it is knowledge-based, and this course stresses and utilizes both. Professor’s White unique talents are 1) to seamlessly repeat an important concept always in a fresh way and 2) to predict the learners’ struggles and confusions and address them. It is no wonder that students at his school honored Len with prestigious teaching awards. You can easily see Dr. White’s excitement for neuroscience and his passion for teaching. Simply a blessing that most of the world is free to learn from him. Two other rare features stand out about this course: heavily involved teaching assistants, such as Ellen (look at the site she put together learnmedicalneuroscience.nl/), and detailed unit notes. In summary, while this is the most demanding and lengthy course on Coursera (I felt the speed of the course was just right), it is also the most rewarding. Duke University has continuously proved to be a great school to take class via Coursera.",,,accept
T5,11,3748,6,feedback on quiz quality and access,"The course is quite challenging and therefore worth doing. The materials provided are excellent and the video tutorials and Professor are excellent - but make sure you pay attention!However, I was a bit disappointed with some of the quizzes particularly those in the final project. The penultimate quiz and peer assignment quiz do have problems. The penultimate quiz answers are not accurate and do not match the actual correct answers. You therefore need to be careful when responding and choose the answer that is closest to your result. On the peer review problem setting there are certain aspects required in your answer that are not defined in the problem. Indeed the way the problem is set out it appears that you can choose between predictive linear regression OR binary classification. Beware.Also I would strongly recommend finishing the course work for week 3 AND 4 BEFORE taking the quiz on probability and distributions.","About: First Lessons contain some Interface/Questionnaire errors.Hi, I reckon it's a tad too early to rate this course since it is only going to start - but I didn't see another option to contact the Course Administrator other than trough the rating process.When going through the introduction of this course, there were multiple errors in the Quizzes/Q&A's. EG: On a question with 1 correct answer, the solution page would also show the clearly wrong answers as ""correct"" (or ""correct, well done""). There were several examples like this. It was only a bit confusing at start (this is my very first course on Coursera, maybe it's common thing to happen.) There was also no option in these videos to thumb-up or -down vote, or to report a problem, like I had seen on other courses.In my opinion the videos were well spoken and easy to understand, and they included everything one could think of when first considering to start playing the guitar. Only the beginning of the first video had a slight feeling of ""Ok, I'm a bit annoyed to do this now"" but that could easily be a misinterpretation or a strategy to capture interest. ;-)I do believe it's a good thing that T. shows all the possible extra's one can buy for a guitar, half of which no guitar player I know owns and which, all together would cost almost as much a beginner guitar, but I believe he omitted that guitar strings generally live longer when you clean the strings with a cloth where you touched them after playing. That's a good maintenance practice if you cannot afford to buy 2 sets of strings every month.Maybe a good addition would be that guitars/instruments can also be rented for relatively cheap, instead of having to spend 500-1000 before even knowing what to look (listen) for when buying a guitar. To me the questions until now were a bit too easy but that's Ok. I might be studying with people half my age so that's fine. Especially the first questions should not be frightening but at least tickle your brain ""a little bit"" instead of just repeating a word from the video.Thank you very much for your consideration. I look forward to study with you (all) !Sincerely, Xavier Weydert","This was my first experience with a MOOC and perhaps will be my last. I suspect courses like this are a large part of the reason that universities are losing both credibility and relevance in the eyes of the public and employers. The complete lack of objectivity presented in a so-called academic course was appalling. By week four the narrative had become so one sided and superficial that it became difficult to maintain any belief in the content of the following lessons. The lectures were so steeped in SJW tropes and what passes for left-leaning politics that the quiz questions could typically be answered based on the simple premise of what make Aboriginal people look the best and the Western worldview the worst. The quiz questions themselves were some of the most poorly conceived and written that I've seen across almost a decade of post-secondary education and the presenters were completely devoid of charisma and style making for dull viewing of topics that were presented in a manner that could almost be considered dishonest.The forums appeared to be the most valuable component of the course however those quickly degraded into what looked like chorus of consent, likely because the overall narrative of the course provided little room for divergent views. My own forum comments were not responded to by the course professors despite asking for clarification and other posters were clearly here to have their own views confirmed, not challenged, and made that evident through their own posts and unwillingness to consider challenging ideas.Overall I felt the course lacked any real academic integrity. Sitting through the lectures felt more like an indoctrination attempt that education. The content was so shallow that the course was more akin to propaganda than coursework. The only factor that would allow me to give even one star was the somewhat improved quality of the guest presenters, some who gave a more even handed approach to the material. This was perhaps the least critical course I have ever taken part in. Even critical theory and methodology needs to be critiqued to have any intellectual value and that did not occur here. Fortunately my employer has covered the small cost of the certification. As someone who works directly with Aboriginal people, and has for a decade, and educates others on Aboriginal topics, worldview, and culture, I am disappointed to say that this course actually lowered my interest in Aboriginal issues and being a so-called ally. This course seemed determined to undermine Canadian values and instil a sense of unwarranted guilt in the participants, likely justified as ""unsettling"" the settler. The process was so heavy handed and obvious however that any possible positive outcome from the message was distorted. I could not in good conscience recommend this course to anyone, and by extension, could not recommend Coursera itself.",,,accept
T56,232,235,6,appreciation for creativity tools and techniques,"This course really has valuable contents but the way lectures been delivered, to me is quite dull / uninteresting. There are lots of useful methods / techniques about creativity but I was really expecting examples or real-life applications or problems where creativity is indeed applied as what the course title says. Though some assignments really brought out some creativity in me. This course is still recommended for beginners. But you might want to check ""Creative Thinking: Techniques and Tools for Success"" from Imperial College to see which one you would want to take first.","The Creative Problem Solving course really helps me to think and act in a more creative way, as for now I recognize how creativity is really important nowadays, especially in the 4.0 Industry. I understand few technics on how to improve the creative thinking such as mind mapping, brainstorming, and building internal motivation. There's few keywords we could learn from here, but since the course is in the beginner level, we only learn few in just 4 weeks. Also, the main projects, DSDs for each week is a little bit repetitive in my opinion. Otherwise, it is a good course to start brainstorming for more creative thinking.","An eye opening course on Creative Thinking: The course content and the areas it covered speaks louder than anything that I never came across in the past in my professional and personal life. Sincere gratitude to Professor Peter Childs and London Imperial College, London.",,,accept
T19,209,272,6,praise for course presenters,Great presenter and great content. Thanks!,Very good course - great presenter.,"Awesome learning and recapping on past knowledge ! The presenter with his with punchlines made the dense material bearable ! Kudos to this awesome presenter and his patience and diligence in delivering the material. Some hands on labs on certain areas where tools are used for better reinforce what is being learned. Just the lectures and quizzes may not suffice other then that awesome job to everyone involved in developing , preparing and presenting these information. On a small note some of the diagrams present could be provided as PDFs so as to serve as visual reminder of key concepts and takeaways.",,,accept
T11,75,908,6,praise for instructor Andrew,"I love this course, and instructopr. Thanks to you ,Andrew sir",Learned a lot from this course. Thank you Andrew Sir.,"Amazing course. Andrew has really streamlined the concepts, made the course easy to follow and at the same time leaves room for further analysis and curiosity. It is so well structured that can transfer complex concepts easily to you and therefore maintain the excitement in the student to keep on going at his/her own speed. What I loved most about the course was the fact that for some reason it seems like Andrew knows where to give you further explanation about what just happened or where you might get stuck in the code and in the lecture. Thank you Andrew. Such an amazing experience and great structure.",,,accept
T34,114,581,6,praise for Dr. Barbara Oakley and Dr. Sejnowski,This was more than what I expected the outcome I would receive from it would be. Thanks a ton to Dr.Barbara Oakley and Dr.Terrence Sejnowski.,"It was a wonderful learning of ""Learning how to learn"" :-). There were few things which I was aware of and many small yet new things/techniques that I have learned in the course. Thanks to both Dr. Barbara Oakley and Dr. Terrence Sejnowski!!",Highly recommended! Fantastic course by Dr. Barbara Oakley and Dr. Terrence Sejnowski.,,,accept
T65,101,644,6,gratitude for course experience,I really enjoyed this course. Thank you!,i really enjoyed the course. Thank you very much.,I really enjoyed about this course.Thank you very much for this course.,,,accept
T44,55,1128,6,positive feedback on classical music course,"This is an excellent course! I completed it during the ""lockdown"" due to the Corvid19 as I have had a lot more time on my hands, and it has been a wonderful experience. Craig Wright is a fantastic teacher and the course is extremely well put together with a really good combination of music, music theory, biographical information about the composers profiled and general art history too. I used to play the flute, and the course has inspired me to pick up my flute (for the first time in over ten years) which has also been a lot of fun. If you have any interest in classical music, I wholeheartedly recommend this course.","I feel Professor Craig Wright offers a comprehensive, varied, accessible and fun overview of a very large subject, starting right at the beginning of musical history and bringing you up to the present day. He uses a wide variety of visual and audio resources including relevant works of art, architecture, artefacts, sketches, quotes from historical documents, surviving musical scores, music recordings, videos of live orchestral performance, music animations, costume, period instruments and interviews with musical colleagues of his who are able to share their expertise. In addition to all this he offers us his own photographs from his pilgrimages to cities such as Vienna, which adds further to the course's personal touch. What comes across throughout Wright's course videos is his immense love of, and desire to share that love of classical music, which for me is a major factor in what makes the course so appealing. I also enjoy his sense of humour and efforts to appeal to a younger generation (Wright is in his 70s). At more than one point in the course he adopts fancy dress to reflect the period he is exploring. A highlight I feel is when the course features a clip from one of his lectures at Yale University where he enrolls some colleagues to enact a scene from Don Giovanni in which Wright plays an angry father, slain by Don Giovanni in a duel. It is a touching (and amusing) example of his good humour and ability to have fun with his students. My only criticism would be his own piano playing which is often rushed and inaccurate, but I feel this is largely due to the time constraints of filming the videos. By his own admission, he realised early on in life that he was not up to the challenge of being a concert pianist - he is primarily a musicologist, not a pianist. Every piece of music touched on in the course is available via the course Spotify playlist (extremely helpful) so there is no difficulty in listening to professional recordings of all the pieces discussed.I would highly recommend this course to anyone seeking a background knowledge of the evolution of musical history.","Professor Craig Wright is learned, curious, entertaining, and innovative in getting us to the core of meaning and theory and techniques of classical music. I immensely enjoyed the course, in particular because I love art too, and Professor Wright often demonstrated music in a visual, artistic way! He is a great teacher!Russell Endo[novice to classical music]",,,accept
